,Date,CS-Aaa-3MO,CS-Aa-3MO,CS-A-3MO,CS-Baa-3MO,CS-Agg-3MO,CS-Aaa-1YR,CS-Aaa-1YR.1,CS-Aa-1YR,CS-Baa-1YR,CS-Agg-1YR,CS-Aaa-5YR,CS-Aa-5YR,CS-A-5YR,CS-Baa-5YR,CS-Agg-5YR,3MO-TY,1YR-TY,5YR-TY
0,,,,,,,,,,,,,,,,,,,
1,28 days 00:00:00.000000000,0.42500000000000004,0.32899999999999996,0.34999999999999987,0.30699999999999994,0.31299999999999994,0.23499999999999988,0.139,0.15999999999999992,0.11699999999999977,0.123,-0.05499999999999994,-0.15100000000000002,-0.1299999999999999,-0.17300000000000004,-0.16699999999999993,0.17999999999999972,0.3700000000000001,0.6600000000000001
2,31 days 00:00:00.000000000,0.15399999999999991,0.127,0.10699999999999998,0.052000000000000046,0.12200000000000011,0.14400000000000013,0.11699999999999999,0.09699999999999998,0.04200000000000026,0.1120000000000001,0.07399999999999984,0.04699999999999993,0.026999999999999913,-0.028000000000000025,0.04200000000000004,-0.16999999999999993,-0.16000000000000014,-0.08999999999999986
3,30 days 00:00:00.000000000,0.008000000000000007,-0.0030000000000001137,0.02300000000000013,-0.03500000000000014,-0.014000000000000012,0.008000000000000007,-0.0030000000000001137,0.02300000000000013,-0.03500000000000014,-0.014000000000000012,-0.051999999999999935,-0.06299999999999994,-0.03699999999999992,-0.09499999999999997,-0.07400000000000007,0.05999999999999961,0.0600000000000005,0.1200000000000001
4,31 days 00:00:00.000000000,0.12399999999999989,0.19300000000000006,0.17400000000000015,0.18299999999999983,0.14700000000000002,0.038999999999999924,0.1080000000000001,0.08899999999999997,0.09799999999999986,0.062000000000000055,-0.14100000000000001,-0.07199999999999995,-0.09100000000000019,-0.08200000000000007,-0.118,0.16500000000000004,0.2499999999999991,0.4299999999999997
5,30 days 00:00:00.000000000,0.06800000000000006,0.127,0.12799999999999967,0.11900000000000022,0.08499999999999996,0.09299999999999997,0.1519999999999999,0.15300000000000002,0.14400000000000013,0.10999999999999988,0.133,0.19200000000000006,0.19300000000000006,0.18400000000000016,0.15000000000000002,0.06500000000000039,0.040000000000000924,0.0
6,31 days 00:00:00.000000000,0.19100000000000006,0.2619999999999998,0.2400000000000002,0.2240000000000002,0.22899999999999987,0.10099999999999998,0.17199999999999993,0.15000000000000013,0.1339999999999999,0.139,0.01100000000000001,0.08199999999999985,0.06000000000000005,0.04399999999999982,0.049000000000000044,-0.03000000000000025,0.05999999999999961,0.15000000000000036
7,31 days 00:00:00.000000000,-0.050000000000000044,-0.09799999999999986,-0.06099999999999994,-0.03300000000000036,-0.10299999999999998,0.010000000000000009,-0.03799999999999981,-0.001000000000000334,0.027000000000000135,-0.04299999999999993,0.1200000000000001,0.07200000000000006,0.10899999999999999,0.137,0.06699999999999995,0.23000000000000043,0.16999999999999993,0.05999999999999961
8,30 days 00:00:00.000000000,-0.014999999999999902,-0.03200000000000003,0.008999999999999897,0.038000000000000256,-0.0239999999999998,-0.03499999999999992,-0.052000000000000046,-0.010999999999999677,0.017999999999999794,-0.04400000000000004,-0.015000000000000124,-0.03200000000000003,0.008999999999999897,0.038000000000000034,-0.02400000000000002,-0.10000000000000053,-0.08000000000000007,-0.09999999999999964
9,31 days 00:00:00.000000000,-0.18300000000000005,-0.21599999999999997,-0.23499999999999988,-0.17799999999999994,-0.18500000000000005,-0.15300000000000002,-0.18599999999999994,-0.20500000000000007,-0.1479999999999997,-0.15500000000000003,-0.1329999999999999,-0.16599999999999993,-0.18499999999999983,-0.1279999999999999,-0.135,0.2400000000000002,0.20999999999999996,0.1899999999999995
10,30 days 00:00:00.000000000,-0.03699999999999992,-0.06299999999999994,-0.06400000000000006,-0.06899999999999995,-0.051000000000000156,-0.127,-0.15300000000000002,-0.15400000000000014,-0.15900000000000025,-0.14100000000000001,0.0030000000000000027,-0.02300000000000013,-0.02400000000000002,-0.029000000000000137,-0.01100000000000001,0.17999999999999972,0.27000000000000046,0.14000000000000057
11,31 days 00:00:00.000000000,0.2729999999999999,0.20000000000000018,0.19799999999999995,0.1599999999999997,0.19100000000000006,0.02300000000000013,-0.050000000000000044,-0.052000000000000046,-0.08999999999999986,-0.05899999999999994,0.052999999999999936,-0.020000000000000018,-0.02200000000000002,-0.05999999999999983,-0.028999999999999915,0.03000000000000025,0.28000000000000025,0.25
12,31 days 00:00:00.000000000,-0.258,-0.13700000000000023,-0.2120000000000002,-0.30200000000000005,-0.18199999999999994,-0.14800000000000013,-0.026999999999999913,-0.10199999999999987,-0.19199999999999995,-0.07200000000000006,-0.17799999999999994,-0.05699999999999994,-0.13200000000000012,-0.2220000000000002,-0.10200000000000009,0.4299999999999997,0.3199999999999994,0.34999999999999964
13,29 days 00:00:00.000000000,-0.13200000000000012,-0.08199999999999985,-0.052999999999999936,-0.06899999999999995,-0.119,-0.01200000000000001,0.03799999999999981,0.06699999999999995,0.050999999999999934,0.001000000000000112,-0.01200000000000001,0.038000000000000034,0.06700000000000017,0.051000000000000156,0.0010000000000000009,0.020000000000000462,-0.09999999999999964,-0.09999999999999964
14,31 days 00:00:00.000000000,-0.123,-0.16700000000000004,-0.16100000000000003,-0.0040000000000000036,-0.19399999999999995,-0.10299999999999998,-0.14700000000000002,-0.14100000000000001,0.016000000000000014,-0.17400000000000004,0.2669999999999999,0.2230000000000001,0.22899999999999987,0.3859999999999999,0.19600000000000006,0.09999999999999964,0.08000000000000007,-0.29000000000000004
15,30 days 00:00:00.000000000,1.1570000000000003,0.25,0.29899999999999993,0.39800000000000013,0.242,1.1370000000000002,0.2300000000000002,0.2789999999999999,0.3780000000000001,0.22199999999999986,0.857,-0.050000000000000044,-0.0009999999999998899,0.09799999999999986,-0.05800000000000005,-0.05999999999999961,-0.040000000000000036,0.23999999999999932
16,31 days 00:00:00.000000000,-0.6940000000000002,0.3769999999999998,0.351,0.355,0.31499999999999995,-1.0140000000000002,0.05699999999999994,0.03100000000000014,0.0349999999999997,-0.004999999999999893,-0.8639999999999999,0.20699999999999985,0.18100000000000005,0.18500000000000005,0.14500000000000002,-0.1900000000000004,0.1299999999999999,-0.019999999999999574
17,30 days 00:00:00.000000000,-0.4909999999999999,-0.5149999999999999,-0.5429999999999997,-0.617,-0.534,0.04899999999999993,0.02499999999999991,-0.0030000000000001137,-0.07699999999999996,0.006000000000000005,0.119,0.0950000000000002,0.06699999999999995,-0.006999999999999673,0.07599999999999996,0.25,-0.29000000000000004,-0.3600000000000003
18,31 days 00:00:00.000000000,-0.4850000000000001,-0.4869999999999999,-0.4790000000000001,-0.472,-0.43399999999999994,-0.08499999999999996,-0.08699999999999997,-0.07899999999999996,-0.07200000000000006,-0.03400000000000003,-0.07499999999999996,-0.07700000000000018,-0.06899999999999995,-0.06200000000000028,-0.02400000000000002,0.3899999999999997,-0.009999999999999787,-0.019999999999999574
19,31 days 00:00:00.000000000,-0.19299999999999995,-0.20399999999999996,-0.19799999999999995,-0.19500000000000006,-0.21000000000000008,-0.30299999999999994,-0.31400000000000006,-0.30800000000000005,-0.3049999999999997,-0.31999999999999995,0.026999999999999913,0.016000000000000014,0.021999999999999797,0.02499999999999991,0.010000000000000009,0.040000000000000036,0.14999999999999947,-0.17999999999999972
20,30 days 00:00:00.000000000,0.008000000000000007,-0.03100000000000014,-0.0030000000000001137,0.08299999999999996,0.019000000000000017,0.07799999999999996,0.039000000000000146,0.06700000000000017,0.15300000000000002,0.08899999999999997,0.05800000000000005,0.019000000000000128,0.04700000000000015,0.133,0.06900000000000017,-0.07999999999999918,-0.14999999999999947,-0.13000000000000078
21,31 days 00:00:00.000000000,-0.15400000000000003,-0.12399999999999989,-0.05400000000000005,0.13200000000000012,-0.14900000000000002,-0.05399999999999994,-0.02400000000000002,0.04599999999999982,0.23199999999999976,-0.049000000000000044,0.016000000000000014,0.04600000000000004,0.11599999999999988,0.30200000000000005,0.020999999999999908,0.14999999999999947,0.04999999999999982,-0.019999999999999574
22,30 days 00:00:00.000000000,-0.09899999999999998,-0.006000000000000005,0.03100000000000014,0.07200000000000006,-0.05399999999999994,-0.06900000000000006,0.02400000000000002,0.061000000000000165,0.10200000000000031,-0.02400000000000002,0.14100000000000001,0.23399999999999999,0.2709999999999999,0.3120000000000003,0.18599999999999994,-0.16999999999999993,-0.20000000000000018,-0.41000000000000014
23,31 days 00:00:00.000000000,-0.09200000000000003,-0.128,0.06600000000000006,0.020000000000000018,0.01100000000000001,0.18800000000000006,0.1519999999999999,0.34599999999999986,0.2999999999999998,0.29100000000000015,0.018000000000000016,-0.018000000000000016,0.17600000000000016,0.1299999999999999,0.121,-0.3200000000000003,-0.5999999999999996,-0.4299999999999997
24,31 days 00:00:00.000000000,0.451,0.5019999999999999,0.399,0.4209999999999998,0.5899999999999999,0.2709999999999999,0.32200000000000006,0.21899999999999986,0.2410000000000001,0.4099999999999999,-0.30900000000000016,-0.258,-0.361,-0.33899999999999997,-0.16999999999999993,-0.8999999999999995,-0.7200000000000006,-0.14000000000000057
25,28 days 00:00:00.000000000,-0.052000000000000046,-0.018999999999999906,0.053999999999999826,0.03000000000000025,0.050000000000000044,-0.06199999999999983,-0.029000000000000137,0.04400000000000004,0.020000000000000018,0.040000000000000036,-0.04200000000000004,-0.009000000000000119,0.06400000000000006,0.040000000000000036,0.06000000000000005,-0.14000000000000057,-0.1299999999999999,-0.14999999999999947
26,31 days 00:00:00.000000000,0.548,0.4869999999999999,0.4870000000000001,0.45999999999999996,0.504,0.3779999999999999,0.31700000000000017,0.31700000000000017,0.29000000000000004,0.33399999999999985,0.07800000000000007,0.017000000000000126,0.016999999999999904,-0.010000000000000231,0.03400000000000003,-0.5499999999999998,-0.3799999999999999,-0.08000000000000007
27,30 days 00:00:00.000000000,0.4889999999999999,0.4580000000000002,0.472,0.4509999999999996,0.5010000000000001,0.2889999999999999,0.2579999999999998,0.2719999999999998,0.2509999999999999,0.30099999999999993,-0.21099999999999997,-0.242,-0.22799999999999998,-0.2490000000000001,-0.19900000000000007,-0.34999999999999964,-0.1499999999999999,0.34999999999999964
28,31 days 00:00:00.000000000,0.2110000000000003,0.2829999999999999,0.2410000000000001,0.24400000000000022,0.29400000000000004,0.2010000000000003,0.27300000000000013,0.23100000000000032,0.23399999999999999,0.28400000000000025,-0.07899999999999996,-0.007000000000000117,-0.04899999999999993,-0.04599999999999982,0.0040000000000000036,-0.3200000000000003,-0.31000000000000005,-0.02999999999999936
29,30 days 00:00:00.000000000,0.07499999999999973,-0.021999999999999797,0.0040000000000000036,-0.03799999999999981,0.022999999999999687,0.004999999999999893,-0.09200000000000008,-0.06600000000000028,-0.1080000000000001,-0.04700000000000015,0.06499999999999995,-0.03200000000000003,-0.006000000000000005,-0.04800000000000004,0.0129999999999999,0.020000000000000018,0.0900000000000003,0.02999999999999936
30,31 days 00:00:00.000000000,-0.34199999999999986,-0.3570000000000002,-0.3330000000000002,-0.30600000000000005,-0.2759999999999998,-0.262,-0.27700000000000014,-0.25299999999999967,-0.22599999999999998,-0.19599999999999973,-0.052000000000000046,-0.06699999999999995,-0.04300000000000015,-0.016000000000000014,0.014000000000000012,-0.10999999999999988,-0.1900000000000004,-0.39999999999999947
31,31 days 00:00:00.000000000,0.03399999999999981,0.017999999999999794,-0.0040000000000000036,0.08999999999999986,0.040999999999999925,-0.016000000000000014,-0.031999999999999584,-0.05400000000000027,0.040000000000000036,-0.009000000000000341,-0.025999999999999912,-0.04200000000000004,-0.06399999999999983,0.03000000000000025,-0.018999999999999906,-0.16999999999999993,-0.11999999999999966,-0.11000000000000032
32,30 days 00:00:00.000000000,0.736,0.7330000000000001,0.9540000000000002,1.1429999999999998,0.6630000000000003,0.6859999999999999,0.6829999999999998,0.9039999999999999,1.093,0.613,0.29600000000000004,0.29300000000000015,0.5139999999999998,0.7029999999999998,0.22299999999999986,-0.9700000000000002,-0.9199999999999999,-0.5299999999999998
33,31 days 00:00:00.000000000,-0.17099999999999982,-0.05699999999999994,0.07899999999999974,0.0259999999999998,-0.04400000000000004,-0.10099999999999998,0.0129999999999999,0.14900000000000002,0.09600000000000009,0.026000000000000245,-0.2510000000000001,-0.137,-0.0009999999999998899,-0.053999999999999826,-0.12399999999999989,-0.3500000000000001,-0.4200000000000004,-0.27
34,30 days 00:00:00.000000000,0.5749999999999997,0.5699999999999998,0.5169999999999999,0.5410000000000004,0.7210000000000001,0.31499999999999995,0.31000000000000005,0.2570000000000001,0.2809999999999997,0.46099999999999985,-0.11499999999999999,-0.1200000000000001,-0.17300000000000004,-0.14900000000000002,0.030999999999999917,-0.2699999999999998,-0.009999999999999787,0.41999999999999993
35,31 days 00:00:00.000000000,0.3610000000000002,0.2160000000000002,0.258,0.20000000000000018,0.2519999999999998,0.21099999999999985,0.06599999999999984,0.1080000000000001,0.05000000000000071,0.10199999999999987,0.02100000000000002,-0.124,-0.08199999999999985,-0.14000000000000012,-0.08799999999999986,-0.040000000000000036,0.10999999999999988,0.2999999999999998
36,31 days 00:00:00.000000000,-0.03500000000000014,-0.04400000000000004,-0.08099999999999952,0.028999999999999915,-0.06800000000000006,-0.1349999999999998,-0.14399999999999968,-0.18100000000000005,-0.07100000000000062,-0.1679999999999997,-0.05499999999999994,-0.06399999999999995,-0.10099999999999998,0.008999999999999897,-0.08800000000000008,0.020000000000000018,0.1200000000000001,0.040000000000000036
37,28 days 00:00:00.000000000,-0.040000000000000036,-0.17399999999999993,-0.055000000000000604,-0.10099999999999998,-0.15700000000000003,0.029999999999999805,-0.10400000000000009,0.015000000000000124,-0.030999999999999694,-0.08700000000000019,0.1399999999999999,0.006000000000000005,0.125,0.07900000000000018,0.02299999999999991,0.030000000000000027,-0.040000000000000036,-0.15000000000000036
38,31 days 00:00:00.000000000,0.661,0.5710000000000002,0.4710000000000001,0.44700000000000006,0.49499999999999966,0.18100000000000005,0.09099999999999975,-0.008999999999999897,-0.03300000000000036,0.015000000000000124,0.01100000000000001,-0.07900000000000007,-0.17900000000000005,-0.2030000000000003,-0.15499999999999992,0.0,0.48,0.6500000000000004
39,30 days 00:00:00.000000000,-0.36999999999999966,-0.29200000000000026,-0.45699999999999985,0.15200000000000014,-0.33699999999999974,-0.009999999999999787,0.06800000000000006,-0.09700000000000042,0.5120000000000005,0.02300000000000013,0.0,0.07800000000000007,-0.08699999999999997,0.5220000000000002,0.03300000000000003,-0.020000000000000018,-0.3799999999999999,-0.3899999999999997
40,31 days 00:00:00.000000000,0.02499999999999991,-0.15399999999999991,-0.2450000000000001,-0.5209999999999999,-0.11799999999999988,0.004999999999999893,-0.17399999999999993,-0.2649999999999997,-0.5410000000000004,-0.13800000000000034,0.15500000000000003,-0.02400000000000002,-0.11499999999999999,-0.391,0.01200000000000001,-0.030000000000000027,-0.010000000000000231,-0.16000000000000014
41,30 days 00:00:00.000000000,-0.10200000000000031,-0.09799999999999986,-0.027000000000000135,0.23199999999999932,-0.10400000000000009,0.1379999999999999,0.1419999999999999,0.21300000000000008,0.4720000000000004,0.13600000000000012,0.1379999999999999,0.14200000000000002,0.21299999999999986,0.472,0.1359999999999999,-0.040000000000000036,-0.2799999999999998,-0.28000000000000025
42,31 days 00:00:00.000000000,-0.23499999999999988,-0.26300000000000034,-0.1389999999999998,0.25400000000000045,-0.31899999999999995,0.03500000000000014,0.007000000000000117,0.13099999999999978,0.524,-0.04899999999999993,0.3350000000000002,0.30699999999999994,0.43100000000000005,0.8239999999999998,0.2510000000000001,0.010000000000000009,-0.26,-0.56
43,31 days 00:00:00.000000000,-0.29400000000000004,-0.23899999999999988,-0.20799999999999974,-0.4800000000000004,-0.2559999999999998,-0.254,-0.19899999999999984,-0.16800000000000015,-0.4400000000000004,-0.2160000000000002,-0.0040000000000000036,0.050999999999999934,0.08199999999999985,-0.18999999999999995,0.03400000000000003,-0.020000000000000018,-0.06000000000000005,-0.3099999999999996
44,30 days 00:00:00.000000000,-0.1459999999999999,-0.3169999999999997,-0.20199999999999996,-0.11299999999999955,-0.2709999999999999,-0.05600000000000005,-0.2270000000000003,-0.11199999999999966,-0.022999999999999687,-0.18100000000000005,0.32399999999999984,0.15300000000000002,0.26800000000000024,0.35699999999999976,0.19899999999999984,-0.11999999999999988,-0.20999999999999996,-0.5900000000000003
45,31 days 00:00:00.000000000,0.30200000000000005,0.2559999999999998,0.5300000000000002,0.266,0.22899999999999965,0.242,0.19600000000000017,0.46999999999999975,0.20599999999999952,0.16900000000000004,-0.008000000000000007,-0.053999999999999826,0.21999999999999975,-0.043999999999999595,-0.08099999999999996,-0.13000000000000012,-0.07000000000000006,0.18000000000000016
46,30 days 00:00:00.000000000,0.3540000000000001,0.3620000000000001,0.03799999999999937,-0.22799999999999976,0.42300000000000004,0.03399999999999981,0.041999999999999815,-0.28200000000000003,-0.548,0.1030000000000002,-0.33599999999999985,-0.32800000000000007,-0.6519999999999997,-0.9180000000000001,-0.2669999999999999,-0.21999999999999997,0.10000000000000009,0.46999999999999975
47,31 days 00:00:00.000000000,-0.4750000000000001,-0.5209999999999999,-0.5299999999999998,-0.5420000000000007,-0.5329999999999999,-0.23499999999999988,-0.2809999999999997,-0.29000000000000004,-0.3019999999999996,-0.29300000000000015,0.02499999999999991,-0.02100000000000013,-0.03000000000000025,-0.041999999999999815,-0.03300000000000014,0.0,-0.24,-0.5
48,31 days 00:00:00.000000000,0.11699999999999999,0.07299999999999995,0.03100000000000014,-0.0009999999999994458,0.1379999999999999,0.08700000000000019,0.042999999999999705,0.001000000000000334,-0.030999999999999694,0.1080000000000001,-0.16300000000000003,-0.20699999999999985,-0.2489999999999999,-0.28100000000000014,-0.1419999999999999,-0.040000000000000036,-0.010000000000000009,0.2400000000000002
49,28 days 00:00:00.000000000,-0.2909999999999999,-0.28400000000000025,-0.31300000000000017,-0.3719999999999999,-0.32499999999999973,-0.20100000000000007,-0.19399999999999995,-0.2230000000000003,-0.28200000000000003,-0.23499999999999988,0.05900000000000016,0.06599999999999995,0.03699999999999992,-0.021999999999999797,0.02499999999999991,0.020000000000000018,-0.07000000000000006,-0.33000000000000007
50,31 days 00:00:00.000000000,0.020000000000000018,0.10200000000000031,0.15900000000000025,0.006999999999999673,0.1479999999999997,0.009999999999999787,0.09200000000000008,0.14900000000000002,-0.0030000000000001137,0.1379999999999999,-0.13000000000000012,-0.04800000000000004,0.009000000000000119,-0.14300000000000024,-0.0020000000000000018,-0.06000000000000005,-0.050000000000000044,0.08999999999999986
51,30 days 00:00:00.000000000,-0.1080000000000001,-0.14300000000000024,-0.27200000000000024,-0.32899999999999974,-0.10499999999999998,-0.1479999999999997,-0.18299999999999983,-0.31199999999999983,-0.36900000000000066,-0.14500000000000002,-0.18799999999999994,-0.22299999999999998,-0.3520000000000001,-0.4089999999999998,-0.18499999999999994,-0.010000000000000009,0.030000000000000027,0.07000000000000028
52,31 days 00:00:00.000000000,-0.3460000000000001,-0.42600000000000016,-0.45599999999999996,-0.49700000000000033,-0.47899999999999965,-0.27600000000000025,-0.3560000000000001,-0.3860000000000001,-0.4269999999999996,-0.4089999999999998,0.18399999999999994,0.10399999999999998,0.07400000000000007,0.03299999999999992,0.051000000000000045,-0.019999999999999796,-0.09000000000000008,-0.5500000000000003
53,30 days 00:00:00.000000000,0.2400000000000002,0.3390000000000004,0.30799999999999983,0.262,0.4429999999999996,0.07000000000000028,0.16899999999999982,0.1379999999999999,0.09200000000000008,0.2729999999999997,-0.1299999999999999,-0.030999999999999917,-0.062000000000000055,-0.1080000000000001,0.07299999999999995,-0.21000000000000008,-0.039999999999999813,0.16000000000000014
54,31 days 00:00:00.000000000,0.762,0.8069999999999999,0.6710000000000003,0.6840000000000002,0.8610000000000002,0.6319999999999997,0.677,0.5409999999999999,0.5539999999999998,0.7310000000000003,-0.09800000000000009,-0.05300000000000005,-0.18900000000000006,-0.17600000000000016,0.001000000000000112,0.05999999999999994,0.18999999999999995,0.9199999999999999
55,31 days 00:00:00.000000000,-0.05400000000000027,0.005999999999999783,-0.01200000000000001,-0.031000000000000583,-0.03699999999999992,-0.10399999999999965,-0.04400000000000004,-0.06199999999999983,-0.08099999999999952,-0.08700000000000019,-0.11399999999999999,-0.05400000000000005,-0.07199999999999984,-0.09099999999999975,-0.0970000000000002,0.020000000000000018,0.07000000000000006,0.08000000000000007
56,30 days 00:00:00.000000000,-0.5429999999999997,-0.9239999999999999,-0.7400000000000002,-0.5929999999999995,-0.4830000000000001,-0.3730000000000002,-0.754,-0.5699999999999998,-0.4230000000000005,-0.31300000000000017,0.03700000000000003,-0.344,-0.16000000000000014,-0.0129999999999999,0.0970000000000002,-0.030000000000000027,-0.20000000000000018,-0.6099999999999999
57,31 days 00:00:00.000000000,0.28600000000000003,0.3490000000000002,0.31099999999999994,0.2410000000000001,0.28500000000000014,0.13600000000000012,0.1990000000000003,0.16100000000000003,0.09100000000000019,0.13500000000000023,-0.124,-0.061,-0.09899999999999998,-0.16900000000000026,-0.1250000000000001,0.010000000000000009,0.16000000000000014,0.41999999999999993
58,30 days 00:00:00.000000000,0.10899999999999999,0.08499999999999996,0.08000000000000007,0.0,0.09799999999999986,-0.001000000000000334,-0.02499999999999991,-0.03000000000000025,-0.10999999999999988,-0.01200000000000001,-0.031000000000000028,-0.054999999999999966,-0.05999999999999994,-0.1399999999999999,-0.041999999999999926,-0.029999999999999916,0.07999999999999985,0.10999999999999988
59,31 days 00:00:00.000000000,-0.15100000000000025,-0.16100000000000003,-0.1519999999999997,-0.2290000000000001,-0.18599999999999994,-0.0009999999999998899,-0.01100000000000012,-0.0019999999999997797,-0.07900000000000018,-0.03600000000000003,-0.0010000000000000009,-0.01100000000000001,-0.0020000000000000018,-0.07899999999999996,-0.03600000000000003,0.019999999999999907,-0.1299999999999999,-0.1299999999999999
60,31 days 00:00:00.000000000,-0.04800000000000004,-0.04499999999999993,-0.06300000000000017,-0.07900000000000018,-0.052999999999999936,-0.09799999999999986,-0.0950000000000002,-0.11299999999999999,-0.129,-0.1030000000000002,0.0020000000000000018,0.0050000000000000044,-0.013000000000000012,-0.029000000000000137,-0.0030000000000000027,-0.029999999999999916,0.020000000000000018,-0.08000000000000007
61,29 days 00:00:00.000000000,-0.22399999999999975,-0.2150000000000003,-0.21399999999999997,-0.18999999999999995,-0.2160000000000002,-0.11399999999999988,-0.10499999999999998,-0.10400000000000009,-0.08000000000000007,-0.10599999999999987,-0.02400000000000002,-0.015000000000000013,-0.014000000000000012,0.010000000000000009,-0.016000000000000014,0.039999999999999925,-0.07000000000000006,-0.16000000000000014
62,31 days 00:00:00.000000000,-0.11500000000000021,-0.09200000000000008,-0.10499999999999998,-0.04899999999999993,-0.08000000000000007,-0.11500000000000021,-0.09199999999999986,-0.10499999999999998,-0.04899999999999993,-0.08000000000000007,0.08499999999999996,0.10800000000000001,0.09499999999999997,0.15100000000000002,0.12,-0.010000000000000009,-0.010000000000000009,-0.20999999999999996
63,30 days 00:00:00.000000000,0.6459999999999999,0.722,0.6589999999999998,0.6069999999999998,0.6230000000000002,0.32600000000000007,0.4019999999999999,0.33899999999999997,0.2869999999999999,0.30299999999999994,-0.15399999999999991,-0.07800000000000001,-0.14100000000000001,-0.19299999999999984,-0.17700000000000005,0.030000000000000027,0.3500000000000001,0.8300000000000001
64,31 days 00:00:00.000000000,0.06800000000000006,0.09600000000000009,0.09800000000000031,0.09100000000000019,0.052000000000000046,-0.09699999999999998,-0.06899999999999995,-0.06700000000000017,-0.07399999999999984,-0.11299999999999999,0.008000000000000007,0.03600000000000003,0.038000000000000034,0.030999999999999917,-0.008000000000000007,0.14500000000000002,0.30999999999999983,0.20500000000000007
65,30 days 00:00:00.000000000,-0.17999999999999972,-0.09499999999999975,-0.14900000000000002,-0.20899999999999963,-0.2200000000000002,-0.20500000000000007,-0.1200000000000001,-0.17399999999999993,-0.23399999999999999,-0.24499999999999966,0.04999999999999993,0.13499999999999995,0.08100000000000007,0.020999999999999908,0.010000000000000009,0.20500000000000007,0.22999999999999998,-0.02499999999999991
66,31 days 00:00:00.000000000,-0.27100000000000035,-0.24400000000000022,-0.2370000000000001,-0.27000000000000046,-0.22999999999999998,-0.19099999999999984,-0.16399999999999992,-0.15700000000000003,-0.18999999999999995,-0.15000000000000036,-0.050999999999999934,-0.023999999999999966,-0.017000000000000015,-0.04999999999999982,-0.010000000000000009,0.11999999999999988,0.040000000000000036,-0.10000000000000009
67,31 days 00:00:00.000000000,-0.48199999999999976,-0.46099999999999985,-0.47699999999999987,-0.4670000000000001,-0.44899999999999984,-0.20199999999999996,-0.18100000000000005,-0.19700000000000006,-0.18700000000000028,-0.1689999999999996,0.03799999999999992,0.059,0.04299999999999993,0.052999999999999936,0.07100000000000006,0.14000000000000012,-0.1399999999999999,-0.3799999999999999
68,30 days 00:00:00.000000000,-0.06300000000000017,-0.07699999999999996,-0.09800000000000031,-0.1349999999999998,-0.06600000000000028,-0.16300000000000026,-0.17699999999999982,-0.19799999999999995,-0.23499999999999988,-0.16600000000000037,0.007000000000000006,-0.007000000000000006,-0.027999999999999914,-0.06499999999999995,0.0040000000000000036,0.11999999999999988,0.21999999999999997,0.04999999999999982
69,31 days 00:00:00.000000000,-0.2769999999999997,-0.28600000000000003,-0.3009999999999997,-0.2789999999999999,-0.30299999999999994,-0.1469999999999998,-0.15600000000000014,-0.17099999999999982,-0.14900000000000002,-0.17299999999999982,0.0030000000000000027,-0.006000000000000005,-0.02100000000000002,0.0009999999999998899,-0.02300000000000002,0.19999999999999996,0.06999999999999984,-0.08000000000000007
70,30 days 00:00:00.000000000,-0.0030000000000001137,0.07499999999999996,0.01200000000000001,-0.03299999999999992,-0.02699999999999969,-0.03300000000000014,0.04500000000000015,-0.018000000000000016,-0.06300000000000017,-0.05699999999999994,-0.10299999999999998,-0.025000000000000022,-0.08800000000000008,-0.133,-0.127,0.32000000000000006,0.3500000000000001,0.4200000000000004
71,31 days 00:00:00.000000000,-0.07699999999999996,-0.030000000000000027,-0.1030000000000002,-0.13100000000000023,-0.07200000000000006,-0.20700000000000007,-0.16000000000000014,-0.2330000000000001,-0.2609999999999997,-0.20200000000000018,0.0030000000000000027,0.050000000000000044,-0.02299999999999991,-0.050999999999999934,0.008000000000000007,-0.009999999999999787,0.1200000000000001,-0.0900000000000003
72,31 days 00:00:00.000000000,-0.2310000000000001,-0.2350000000000001,-0.276,-0.2679999999999998,-0.29300000000000015,-0.1509999999999998,-0.15500000000000003,-0.19599999999999995,-0.18800000000000017,-0.21299999999999986,-0.02100000000000002,-0.025000000000000022,-0.06600000000000006,-0.05800000000000005,-0.08299999999999996,0.2899999999999996,0.20999999999999996,0.08000000000000007
73,28 days 00:00:00.000000000,0.004999999999999893,0.02400000000000002,-0.0029999999999998916,-0.04700000000000015,-0.0020000000000000018,0.014999999999999902,0.03400000000000003,0.007000000000000117,-0.03699999999999992,0.008000000000000007,-0.03500000000000003,-0.016000000000000014,-0.04300000000000004,-0.08699999999999997,-0.04200000000000004,0.25,0.2400000000000002,0.29000000000000004
74,31 days 00:00:00.000000000,0.21999999999999997,0.20500000000000007,0.21899999999999986,0.3839999999999999,0.17400000000000015,0.10000000000000009,0.08499999999999996,0.09899999999999998,0.2639999999999998,0.05400000000000005,0.07000000000000006,0.05499999999999999,0.06900000000000006,0.23399999999999999,0.02400000000000002,0.03000000000000025,0.1499999999999999,0.17999999999999972
75,30 days 00:00:00.000000000,-0.32499999999999996,-0.31499999999999995,-0.31099999999999994,-0.1629999999999998,-0.30400000000000005,-0.19500000000000006,-0.18499999999999983,-0.18100000000000005,-0.03299999999999992,-0.17400000000000015,0.06499999999999995,0.07500000000000007,0.07899999999999996,0.2270000000000001,0.08599999999999997,0.10999999999999988,-0.020000000000000018,-0.2799999999999998
76,31 days 00:00:00.000000000,-0.25,-0.20100000000000007,-0.20900000000000007,-0.6299999999999999,-0.2530000000000001,-0.15000000000000013,-0.1010000000000002,-0.10899999999999999,-0.53,-0.15300000000000002,-0.020000000000000018,0.028999999999999915,0.02100000000000002,-0.40000000000000013,-0.02300000000000002,0.0900000000000003,-0.010000000000000231,-0.14000000000000012
77,30 days 00:00:00.000000000,-0.18799999999999994,-0.06400000000000006,-0.123,0.016000000000000014,-0.1339999999999999,-0.17799999999999994,-0.05399999999999994,-0.11299999999999999,0.026000000000000023,-0.12399999999999989,-0.007999999999999896,0.11599999999999999,0.05700000000000005,0.19599999999999995,0.04600000000000004,0.13999999999999968,0.13000000000000034,-0.03999999999999959
78,31 days 00:00:00.000000000,0.04299999999999993,0.03100000000000014,0.006000000000000005,-0.08000000000000007,0.018000000000000016,-0.016999999999999904,-0.028999999999999915,-0.05400000000000005,-0.1399999999999999,-0.04200000000000004,-0.06700000000000006,-0.07899999999999996,-0.10400000000000009,-0.18999999999999995,-0.09199999999999997,0.29000000000000004,0.34999999999999964,0.3999999999999999
79,31 days 00:00:00.000000000,-0.31599999999999995,-0.28700000000000014,-0.31699999999999995,-0.33000000000000007,-0.28900000000000015,-0.18600000000000005,-0.15700000000000003,-0.18700000000000006,-0.19999999999999996,-0.15900000000000003,0.03400000000000003,0.06300000000000006,0.03300000000000003,0.020000000000000018,0.06099999999999994,0.10000000000000009,-0.029999999999999805,-0.25
80,30 days 00:00:00.000000000,0.2839999999999999,0.29800000000000004,0.32000000000000006,0.32699999999999996,0.27900000000000014,0.07399999999999995,0.08799999999999997,0.1100000000000001,0.11699999999999999,0.06900000000000006,0.0040000000000000036,0.017999999999999905,0.040000000000000036,0.04699999999999993,-0.0010000000000000009,0.029999999999999805,0.23999999999999977,0.3099999999999996
81,31 days 00:00:00.000000000,-0.18099999999999983,-0.15799999999999992,-0.15500000000000003,-0.119,-0.17700000000000005,-0.050999999999999934,-0.028000000000000025,-0.025000000000000133,0.010999999999999899,-0.04700000000000004,-0.02100000000000002,0.0020000000000000018,0.0050000000000000044,0.04100000000000015,-0.017000000000000015,0.43000000000000016,0.2999999999999998,0.27000000000000046
82,30 days 00:00:00.000000000,0.020000000000000018,0.014999999999999902,0.02499999999999991,0.06099999999999994,0.04600000000000004,-0.040000000000000036,-0.04499999999999993,-0.03499999999999992,0.001000000000000112,-0.014000000000000012,0.020000000000000018,0.015000000000000013,0.025000000000000022,0.06099999999999994,0.04600000000000004,-0.029999999999999805,0.03000000000000025,-0.03000000000000025
83,31 days 00:00:00.000000000,-0.20400000000000007,-0.19099999999999995,-0.20099999999999985,-0.4039999999999999,-0.2250000000000001,-0.11399999999999999,-0.10100000000000009,-0.11099999999999999,-0.31400000000000006,-0.135,-0.0040000000000000036,0.009000000000000008,-0.0010000000000000009,-0.20399999999999996,-0.025000000000000022,0.1299999999999999,0.040000000000000036,-0.07000000000000028
84,31 days 00:00:00.000000000,-0.27,-0.273,-0.261,-0.28600000000000003,-0.30500000000000005,-0.07999999999999996,-0.08299999999999996,-0.07100000000000006,-0.09600000000000009,-0.11499999999999999,0.0,-0.0030000000000000027,0.009000000000000008,-0.016000000000000014,-0.03500000000000003,0.3899999999999997,0.20000000000000018,0.1200000000000001
85,28 days 00:00:00.000000000,-0.062000000000000055,-0.07399999999999995,-0.09800000000000009,-0.1160000000000001,-0.09399999999999997,-0.062000000000000055,-0.07399999999999995,-0.09799999999999998,-0.11599999999999988,-0.09399999999999997,-0.052000000000000046,-0.06399999999999995,-0.08800000000000008,-0.1060000000000001,-0.08399999999999996,0.15000000000000036,0.15000000000000036,0.14000000000000057
86,31 days 00:00:00.000000000,0.248,0.251,0.27400000000000013,0.272,0.243,0.16800000000000004,0.17099999999999993,0.19400000000000006,0.19199999999999995,0.16300000000000003,0.04800000000000004,0.050999999999999934,0.07400000000000007,0.07200000000000006,0.04300000000000004,0.009999999999999787,0.08999999999999986,0.20999999999999996
87,30 days 00:00:00.000000000,-0.03299999999999992,-0.03400000000000003,-0.017000000000000126,-0.026000000000000023,-0.040999999999999925,0.027000000000000024,0.026000000000000023,0.04299999999999993,0.03400000000000003,0.019000000000000017,0.007000000000000006,0.006000000000000005,0.02300000000000002,0.014000000000000012,-0.0010000000000000009,0.13999999999999968,0.08000000000000007,0.09999999999999964
88,31 days 00:00:00.000000000,0.020999999999999908,0.03300000000000003,0.03200000000000003,0.05900000000000016,0.04799999999999993,-0.05900000000000005,-0.04699999999999993,-0.04799999999999993,-0.02100000000000013,-0.03200000000000003,-0.009000000000000008,0.0030000000000000027,0.0020000000000000018,0.028999999999999915,0.018000000000000016,0.09000000000000075,0.16999999999999993,0.1200000000000001
89,30 days 00:00:00.000000000,-0.04299999999999993,-0.049000000000000044,-0.040999999999999925,-0.05500000000000016,-0.07299999999999995,-0.03300000000000003,-0.039000000000000035,-0.031000000000000028,-0.04499999999999993,-0.06300000000000006,0.04700000000000004,0.041000000000000036,0.04899999999999993,0.03500000000000014,0.016999999999999904,0.14999999999999947,0.13999999999999968,0.05999999999999961
90,31 days 00:00:00.000000000,-0.29000000000000004,-0.2909999999999999,-0.271,-0.236,-0.271,-0.09999999999999998,-0.10099999999999998,-0.08099999999999996,-0.04600000000000004,-0.08099999999999996,-0.010000000000000009,-0.01100000000000001,0.009000000000000008,0.04400000000000004,0.009000000000000008,0.08999999999999986,-0.09999999999999964,-0.1899999999999995
91,31 days 00:00:00.000000000,-0.16399999999999998,-0.17500000000000004,-0.18500000000000005,-0.16700000000000004,-0.15600000000000003,-0.11399999999999999,-0.12500000000000006,-0.135,-0.11699999999999999,-0.10599999999999998,-0.0040000000000000036,-0.015000000000000013,-0.025000000000000022,-0.007000000000000117,0.0040000000000000036,-0.04999999999999982,-0.10000000000000053,-0.20999999999999996
92,30 days 00:00:00.000000000,0.05399999999999999,0.061,0.049000000000000044,0.05600000000000005,0.07500000000000001,-0.006000000000000005,0.0010000000000000009,-0.01100000000000001,-0.0040000000000000036,0.015000000000000013,0.0040000000000000036,0.01100000000000001,-0.0010000000000000009,0.006000000000000005,0.025000000000000022,-0.16000000000000014,-0.09999999999999964,-0.11000000000000032
93,31 days 00:00:00.000000000,-0.228,-0.234,-0.23000000000000004,-0.243,-0.22799999999999998,-0.118,-0.124,-0.12,-0.1329999999999999,-0.11800000000000005,-0.018000000000000016,-0.02400000000000002,-0.020000000000000018,-0.03299999999999992,-0.018000000000000016,0.1900000000000004,0.08000000000000007,-0.019999999999999574
94,30 days 00:00:00.000000000,-0.09,-0.09299999999999999,-0.10599999999999998,-0.10999999999999999,-0.098,-0.09,-0.09299999999999997,-0.10600000000000004,-0.10999999999999999,-0.09799999999999998,-0.020000000000000018,-0.02300000000000002,-0.03599999999999992,-0.040000000000000036,-0.027999999999999914,-0.04999999999999982,-0.04999999999999982,-0.1200000000000001
95,31 days 00:00:00.000000000,0.22999999999999998,0.22000000000000003,0.23999999999999994,0.22799999999999998,0.219,0.16,0.14999999999999997,0.16999999999999998,0.15799999999999992,0.14900000000000002,-0.030000000000000027,-0.039999999999999925,-0.020000000000000018,-0.03200000000000003,-0.041000000000000036,-0.010000000000000675,0.05999999999999961,0.25
96,31 days 00:00:00.000000000,-0.0030000000000000027,0.010000000000000009,-0.0010000000000000009,-0.04299999999999993,0.007000000000000006,0.007000000000000006,0.020000000000000018,0.009000000000000008,-0.03299999999999992,0.01699999999999996,-0.02300000000000002,-0.010000000000000009,-0.02100000000000002,-0.06299999999999994,-0.013000000000000012,0.10000000000000053,0.08999999999999986,0.1200000000000001
97,28 days 00:00:00.000000000,-0.309,-0.281,-0.29899999999999993,-0.31100000000000005,-0.269,-0.139,-0.11099999999999999,-0.129,-0.14100000000000001,-0.09899999999999998,0.031000000000000028,0.05899999999999994,0.041000000000000036,0.028999999999999915,0.07099999999999995,0.040000000000000036,-0.1299999999999999,-0.3000000000000007
98,31 days 00:00:00.000000000,0.204,0.242,0.247,0.259,0.183,0.14400000000000002,0.182,0.18700000000000006,0.19899999999999995,0.123,0.06400000000000006,0.10200000000000009,0.10699999999999998,0.119,0.04300000000000004,-0.1200000000000001,-0.05999999999999961,0.020000000000000462
99,30 days 00:00:00.000000000,0.10399999999999998,0.10400000000000004,0.11399999999999999,0.09399999999999997,0.121,-0.016000000000000014,-0.016000000000000014,-0.006000000000000005,-0.026000000000000023,0.0010000000000000009,0.0040000000000000036,0.0040000000000000036,0.014000000000000012,-0.006000000000000005,0.02100000000000002,-0.1299999999999999,-0.010000000000000675,-0.03000000000000025
100,31 days 00:00:00.000000000,0.49400000000000005,0.471,0.45499999999999996,0.43800000000000006,0.45100000000000007,0.25400000000000006,0.23100000000000004,0.21499999999999997,0.19800000000000006,0.21099999999999997,-0.03600000000000003,-0.05900000000000005,-0.07500000000000007,-0.09199999999999986,-0.07899999999999996,-0.17999999999999972,0.0600000000000005,0.35000000000000053
101,30 days 00:00:00.000000000,0.02400000000000002,0.02400000000000002,0.052000000000000046,0.07200000000000006,0.03699999999999992,0.15399999999999991,0.15400000000000003,0.18199999999999994,0.20199999999999996,0.16700000000000004,0.05399999999999994,0.05400000000000005,0.08199999999999996,0.10199999999999987,0.06699999999999995,0.08999999999999986,-0.040000000000000036,0.05999999999999961
102,31 days 00:00:00.000000000,-0.251,-0.135,-0.17700000000000005,-0.051000000000000156,-0.237,-0.050999999999999934,0.06499999999999995,0.02300000000000013,0.14900000000000002,-0.03700000000000003,0.20900000000000007,0.32499999999999984,0.28300000000000014,0.40900000000000003,0.22299999999999998,0.13999999999999968,-0.0600000000000005,-0.3200000000000003
103,31 days 00:00:00.000000000,0.8180000000000001,0.8899999999999999,0.9430000000000001,0.8220000000000001,0.7819999999999999,0.5279999999999999,0.6,0.653,0.5319999999999998,0.492,0.21799999999999986,0.29000000000000004,0.34299999999999997,0.22199999999999998,0.18199999999999994,-0.9500000000000002,-0.6599999999999993,-0.34999999999999964
104,30 days 00:00:00.000000000,0.10899999999999999,0.07300000000000018,0.12399999999999989,0.18000000000000016,0.10000000000000009,0.05900000000000016,0.02300000000000013,0.07399999999999984,0.13000000000000034,0.050000000000000044,-0.06099999999999994,-0.09699999999999998,-0.04600000000000004,0.010000000000000009,-0.06999999999999984,-0.18999999999999995,-0.14000000000000057,-0.019999999999999574
105,31 days 00:00:00.000000000,-0.2430000000000001,-0.20500000000000007,-0.238,-0.21700000000000008,-0.20799999999999996,-0.11300000000000021,-0.07500000000000018,-0.10799999999999987,-0.08700000000000019,-0.07800000000000007,-0.052999999999999936,-0.014999999999999902,-0.04800000000000004,-0.026999999999999913,-0.018000000000000016,0.1200000000000001,-0.009999999999999787,-0.07000000000000028
106,30 days 00:00:00.000000000,0.44399999999999995,0.617,0.69,0.79,0.42599999999999993,0.43400000000000016,0.6070000000000002,0.6799999999999999,0.7800000000000002,0.41600000000000015,0.4039999999999999,0.577,0.6500000000000001,0.7499999999999998,0.3859999999999999,-0.79,-0.7800000000000002,-0.75
107,31 days 00:00:00.000000000,-0.14100000000000001,-0.18199999999999994,-0.06699999999999973,-0.11299999999999999,-0.16700000000000004,-0.01100000000000012,-0.052000000000000046,0.06300000000000017,0.016999999999999904,-0.037000000000000144,0.029000000000000137,-0.01200000000000001,0.10299999999999976,0.05699999999999994,0.0030000000000001137,0.20999999999999996,0.08000000000000007,0.040000000000000036
108,31 days 00:00:00.000000000,1.0330000000000001,0.9499999999999997,1.1639999999999997,1.2770000000000001,0.964,0.8630000000000002,0.7799999999999998,0.9939999999999998,1.1069999999999998,0.794,0.2629999999999999,0.17999999999999994,0.39400000000000013,0.5070000000000001,0.19399999999999995,-1.4,-1.23,-0.6300000000000003
109,29 days 00:00:00.000000000,-0.04600000000000026,0.05300000000000038,0.052999999999999936,0.19099999999999984,0.13600000000000012,0.18399999999999972,0.2829999999999999,0.2829999999999999,0.42100000000000026,0.3660000000000001,0.16399999999999992,0.2629999999999999,0.2629999999999999,0.40100000000000025,0.3460000000000001,-0.10999999999999988,-0.33999999999999986,-0.31999999999999984
110,31 days 00:00:00.000000000,0.5700000000000003,0.8109999999999999,0.8830000000000005,0.8159999999999998,0.48,0.3200000000000003,0.5610000000000004,0.6330000000000005,0.5659999999999998,0.22999999999999998,0.14000000000000012,0.3810000000000002,0.4530000000000003,0.3859999999999997,0.04999999999999982,-0.4700000000000002,-0.21999999999999997,-0.040000000000000036
111,30 days 00:00:00.000000000,0.34499999999999975,0.07499999999999973,-0.052999999999999936,-0.13100000000000023,0.1469999999999998,0.09499999999999975,-0.17500000000000027,-0.30299999999999994,-0.3810000000000002,-0.1030000000000002,-0.17500000000000004,-0.44499999999999984,-0.573,-0.6509999999999998,-0.373,0.050000000000000044,0.30000000000000004,0.5699999999999998
112,31 days 00:00:00.000000000,-0.21599999999999975,-0.15799999999999992,-0.1750000000000007,-0.34499999999999975,-0.19499999999999984,-0.1259999999999999,-0.06800000000000006,-0.08500000000000041,-0.2549999999999999,-0.10499999999999998,-0.1359999999999999,-0.07800000000000029,-0.0950000000000002,-0.2650000000000001,-0.11499999999999999,0.45999999999999996,0.3700000000000001,0.38000000000000034
113,30 days 00:00:00.000000000,0.06400000000000006,0.24299999999999988,0.22100000000000009,0.19899999999999984,0.08999999999999986,-0.06599999999999984,0.11299999999999999,0.09099999999999975,0.06899999999999995,-0.040000000000000036,0.1439999999999999,0.32299999999999995,0.30100000000000016,0.2789999999999999,0.17000000000000015,0.010000000000000009,0.13999999999999968,-0.07000000000000028
114,31 days 00:00:00.000000000,0.16599999999999993,0.3260000000000005,0.4710000000000001,0.40800000000000036,0.29300000000000015,0.03600000000000003,0.19600000000000017,0.3410000000000002,0.27800000000000047,0.16300000000000026,0.03600000000000003,0.19600000000000017,0.34099999999999975,0.278,0.1629999999999998,-0.21999999999999997,-0.08999999999999986,-0.08999999999999986
115,31 days 00:00:00.000000000,-0.1459999999999999,-0.11500000000000021,-0.04800000000000004,-0.09200000000000053,-0.1259999999999999,-0.006000000000000227,0.02499999999999991,0.09200000000000053,0.04800000000000004,0.01399999999999979,0.04400000000000004,0.07499999999999973,0.1419999999999999,0.09800000000000031,0.06400000000000006,0.040000000000000036,-0.10000000000000009,-0.1499999999999999
116,30 days 00:00:00.000000000,2.8209999999999997,2.104,2.468,1.5890000000000004,1.012,2.4109999999999996,1.694,2.058,1.1789999999999994,0.6020000000000003,2.141,1.424,1.7880000000000003,0.9090000000000003,0.3320000000000001,-0.7999999999999999,-0.3899999999999999,-0.1200000000000001
117,31 days 00:00:00.000000000,0.4790000000000001,0.9020000000000001,1.2560000000000002,2.983999999999999,0.8620000000000001,0.4590000000000005,0.8819999999999997,1.2359999999999998,2.9640000000000004,0.8420000000000001,0.19899999999999984,0.6219999999999999,0.976,2.7039999999999997,0.5819999999999999,-0.46,-0.43999999999999995,-0.18000000000000016
118,30 days 00:00:00.000000000,-0.5570000000000004,-0.20700000000000074,-0.2859999999999996,0.13500000000000156,-0.25900000000000034,-0.5670000000000002,-0.21699999999999964,-0.29600000000000026,0.125,-0.26900000000000013,-0.13700000000000045,0.21300000000000008,0.13400000000000034,0.5549999999999997,0.16100000000000003,-0.45,-0.44000000000000006,-0.8699999999999999
119,31 days 00:00:00.000000000,-1.1869999999999994,-1.6389999999999993,-1.4500000000000002,-0.652000000000001,-1.0699999999999998,-0.5569999999999995,-1.0090000000000003,-0.8199999999999994,-0.02200000000000024,-0.43999999999999995,-0.7069999999999999,-1.1589999999999998,-0.9700000000000006,-0.1719999999999997,-0.5899999999999999,0.1,-0.53,-0.3799999999999999
120,31 days 00:00:00.000000000,0.5190000000000001,-0.04499999999999993,-0.4969999999999999,-0.5419999999999998,0.14899999999999958,0.5089999999999995,-0.054999999999999716,-0.5070000000000006,-0.5519999999999996,0.1389999999999998,0.3490000000000002,-0.21499999999999986,-0.6669999999999998,-0.7119999999999997,-0.020999999999999908,0.13,0.14,0.30000000000000004
121,28 days 00:00:00.000000000,0.782,0.24599999999999955,0.5190000000000001,0.22100000000000009,0.3000000000000007,0.5920000000000005,0.05600000000000005,0.3290000000000006,0.031000000000000583,0.10999999999999988,0.6619999999999999,0.1259999999999999,0.399,0.10099999999999998,0.17999999999999972,0.020000000000000018,0.20999999999999996,0.1399999999999999
122,31 days 00:00:00.000000000,-1.9140000000000006,0.17900000000000027,0.13999999999999968,0.0990000000000002,-0.4730000000000003,-1.8140000000000005,0.2789999999999999,0.23999999999999932,0.19899999999999984,-0.3729999999999998,-1.6440000000000001,0.4490000000000003,0.41000000000000014,0.3689999999999998,-0.20299999999999985,-0.05000000000000002,-0.15000000000000002,-0.32000000000000006
123,30 days 00:00:00.000000000,0.30600000000000005,-0.4300000000000006,-0.6109999999999998,-0.8990000000000009,0.06700000000000017,0.3160000000000003,-0.41999999999999993,-0.601,-0.8890000000000011,0.07699999999999996,-0.11399999999999988,-0.8500000000000001,-1.0309999999999997,-1.319,-0.3530000000000002,-0.06999999999999998,-0.07999999999999996,0.3500000000000001
124,31 days 00:00:00.000000000,-0.23499999999999943,-0.5079999999999991,-0.6110000000000007,-0.8229999999999995,0.020999999999999908,-0.2150000000000003,-0.48799999999999955,-0.5910000000000002,-0.8029999999999999,0.040999999999999925,-0.5549999999999997,-0.8280000000000003,-0.9310000000000005,-1.1429999999999998,-0.2989999999999997,0.0,-0.020000000000000018,0.31999999999999984
125,30 days 00:00:00.000000000,-0.1800000000000006,-0.27500000000000036,-0.34299999999999997,-0.5679999999999996,-0.01200000000000001,-0.21999999999999975,-0.3150000000000004,-0.383,-0.6079999999999997,-0.052000000000000046,-0.3300000000000003,-0.4249999999999998,-0.4929999999999999,-0.7180000000000009,-0.16200000000000014,0.04999999999999999,0.09000000000000008,0.20000000000000018
126,31 days 00:00:00.000000000,-0.19699999999999962,-0.5020000000000002,-0.5919999999999996,-0.6799999999999997,-0.2290000000000001,-0.12700000000000022,-0.43199999999999994,-0.5219999999999994,-0.6100000000000003,-0.1589999999999998,-0.19699999999999984,-0.502,-0.5920000000000001,-0.6799999999999997,-0.22899999999999987,-0.010000000000000009,-0.08000000000000007,-0.010000000000000231
127,31 days 00:00:00.000000000,-0.137,-0.3799999999999999,-0.2140000000000004,-0.36300000000000043,-0.11399999999999988,-0.11699999999999999,-0.3599999999999999,-0.19399999999999995,-0.34299999999999997,-0.0940000000000003,-0.027000000000000135,-0.27,-0.10400000000000009,-0.25299999999999967,-0.0040000000000000036,-0.03,-0.04999999999999999,-0.13999999999999968
128,30 days 00:00:00.000000000,-0.129,0.06099999999999994,-0.19899999999999984,-0.2610000000000001,-0.18199999999999994,-0.10899999999999999,0.08099999999999996,-0.17900000000000027,-0.24099999999999966,-0.16199999999999992,-0.05899999999999994,0.131,-0.129,-0.19100000000000028,-0.1120000000000001,-0.009999999999999981,-0.02999999999999997,-0.08000000000000007
129,31 days 00:00:00.000000000,0.137,-0.0019999999999997797,0.004000000000000448,-0.004999999999999893,0.028000000000000025,0.07699999999999996,-0.06200000000000028,-0.05600000000000005,-0.06500000000000039,-0.03200000000000003,0.04699999999999993,-0.09200000000000008,-0.08599999999999985,-0.09499999999999975,-0.062000000000000055,-0.09000000000000001,-0.030000000000000027,0.0
130,30 days 00:00:00.000000000,-0.29200000000000026,-0.2450000000000001,-0.2190000000000003,-0.29300000000000015,-0.347,-0.18199999999999994,-0.1349999999999998,-0.10899999999999999,-0.18299999999999983,-0.2370000000000001,0.018000000000000016,0.06500000000000017,0.09100000000000019,0.016999999999999904,-0.03699999999999992,0.009999999999999995,-0.09999999999999998,-0.30000000000000027
131,31 days 00:00:00.000000000,0.375,0.33999999999999986,0.23899999999999988,0.12400000000000055,0.5339999999999998,0.17500000000000027,0.14000000000000012,0.0389999999999997,-0.07599999999999962,0.3340000000000001,-0.30499999999999994,-0.3400000000000001,-0.4410000000000003,-0.556,-0.14600000000000002,0.0,0.19999999999999996,0.6800000000000002
132,31 days 00:00:00.000000000,-0.2610000000000001,-0.2250000000000001,-0.2240000000000002,-0.3980000000000006,-0.3290000000000002,-0.07100000000000017,-0.03500000000000014,-0.03399999999999981,-0.20800000000000018,-0.1389999999999998,0.10899999999999999,0.14500000000000002,0.1459999999999999,-0.028000000000000025,0.041000000000000036,0.020000000000000004,-0.16999999999999998,-0.3500000000000001
133,28 days 00:00:00.000000000,-0.08699999999999974,-0.055999999999999606,-0.030999999999999694,-0.04099999999999948,-0.06899999999999995,-0.05699999999999994,-0.026000000000000245,-0.0009999999999994458,-0.01100000000000012,-0.039000000000000146,0.0029999999999998916,0.03400000000000003,0.05900000000000016,0.04899999999999993,0.020999999999999908,0.05,0.020000000000000018,-0.040000000000000036
134,31 days 00:00:00.000000000,0.06999999999999984,-0.01200000000000001,-0.043999999999999595,0.019999999999999574,0.0860000000000003,0.009999999999999787,-0.07199999999999962,-0.10400000000000054,-0.040000000000000036,0.026000000000000245,-0.1499999999999999,-0.23199999999999998,-0.264,-0.19999999999999973,-0.1339999999999999,0.03,0.08999999999999997,0.25
135,30 days 00:00:00.000000000,-0.21099999999999985,-0.23900000000000032,-0.18100000000000005,-0.242,-0.11699999999999999,-0.21099999999999985,-0.23900000000000032,-0.18100000000000005,-0.242,-0.11699999999999999,-0.09099999999999997,-0.1190000000000001,-0.06099999999999994,-0.12200000000000033,0.0030000000000000027,0.0,0.0,-0.11999999999999966
136,31 days 00:00:00.000000000,-0.16100000000000003,0.19799999999999995,0.1609999999999996,0.21499999999999986,-0.16500000000000004,-0.09600000000000009,0.26300000000000034,0.22600000000000042,0.28000000000000025,-0.10000000000000009,0.17399999999999993,0.533,0.4959999999999998,0.5500000000000003,0.17000000000000004,0.0,-0.065,-0.3350000000000004
137,30 days 00:00:00.000000000,-0.23099999999999987,-0.2599999999999998,-0.2769999999999997,-0.20099999999999962,-0.3780000000000001,-0.18599999999999994,-0.2150000000000003,-0.2320000000000002,-0.1559999999999997,-0.3330000000000002,0.09400000000000008,0.06499999999999995,0.04800000000000004,0.12400000000000011,-0.05300000000000016,0.01999999999999999,-0.024999999999999967,-0.3049999999999997
138,31 days 00:00:00.000000000,-0.3600000000000003,-0.2490000000000001,-0.28600000000000003,-0.258,-0.22599999999999998,-0.3599999999999999,-0.2490000000000001,-0.28600000000000003,-0.258,-0.22599999999999998,-0.19999999999999996,-0.08899999999999997,-0.1259999999999999,-0.09800000000000031,-0.06599999999999995,-0.03,-0.030000000000000027,-0.18999999999999995
139,31 days 00:00:00.000000000,-0.262,-0.17899999999999983,-0.18599999999999994,-0.15300000000000047,-0.21099999999999985,-0.2320000000000002,-0.14899999999999958,-0.15600000000000014,-0.12300000000000022,-0.18100000000000005,-0.0020000000000000018,0.08099999999999996,0.07399999999999984,0.1070000000000002,0.049000000000000044,-0.009999999999999981,-0.03999999999999998,-0.27
140,30 days 00:00:00.000000000,-0.02499999999999991,-0.1299999999999999,-0.15000000000000036,-0.11999999999999922,0.18699999999999983,-0.02499999999999991,-0.13000000000000034,-0.1499999999999999,-0.1200000000000001,0.18700000000000028,0.05499999999999994,-0.04999999999999982,-0.06999999999999984,-0.040000000000000036,0.2669999999999999,0.01999999999999999,0.020000000000000018,-0.06000000000000005
141,31 days 00:00:00.000000000,0.07400000000000029,-0.017000000000000348,0.018000000000000238,-0.03500000000000014,-0.06800000000000006,0.08400000000000007,-0.006999999999999673,0.028000000000000025,-0.02499999999999991,-0.058000000000000274,0.1339999999999999,0.04299999999999993,0.07799999999999985,0.02499999999999991,-0.008000000000000007,-0.04000000000000001,-0.05000000000000002,-0.10000000000000009
142,30 days 00:00:00.000000000,0.10999999999999988,0.20500000000000007,0.1679999999999997,0.12199999999999989,0.18100000000000005,0.10999999999999988,0.20499999999999963,0.16800000000000015,0.12199999999999944,0.18100000000000005,-0.1399999999999999,-0.04499999999999993,-0.08199999999999985,-0.1280000000000001,-0.06899999999999995,0.05000000000000002,0.05000000000000002,0.30000000000000004
143,31 days 00:00:00.000000000,0.544,0.2589999999999999,0.2520000000000002,0.32899999999999974,0.33499999999999996,0.4740000000000002,0.18900000000000006,0.18199999999999994,0.25900000000000034,0.2650000000000001,-0.04600000000000004,-0.3310000000000002,-0.33799999999999986,-0.2609999999999997,-0.255,-0.05000000000000002,0.019999999999999962,0.5399999999999998
144,31 days 00:00:00.000000000,-0.06200000000000028,-0.0040000000000000036,-0.07500000000000018,-0.09799999999999986,-0.02400000000000002,-0.002000000000000224,0.05600000000000005,-0.015000000000000124,-0.038000000000000256,0.03600000000000003,0.028000000000000025,0.08600000000000008,0.014999999999999902,-0.008000000000000007,0.06599999999999995,0.03,-0.02999999999999997,-0.05999999999999983
145,28 days 00:00:00.000000000,0.07400000000000029,0.0030000000000001137,-0.028999999999999915,-0.02400000000000002,0.04499999999999993,0.08400000000000007,0.0129999999999999,-0.019000000000000128,-0.013999999999999346,0.054999999999999716,-0.1060000000000001,-0.17700000000000005,-0.20900000000000007,-0.20400000000000018,-0.1349999999999999,0.0,-0.010000000000000009,0.17999999999999994
146,31 days 00:00:00.000000000,0.09200000000000008,0.19600000000000017,0.16900000000000004,0.13999999999999968,0.12600000000000033,-0.017999999999999794,0.0860000000000003,0.05900000000000016,0.02999999999999936,0.016000000000000014,-0.07799999999999985,0.026000000000000023,-0.0009999999999998899,-0.029999999999999805,-0.04400000000000004,-0.06,0.04999999999999999,0.11000000000000032
147,30 days 00:00:00.000000000,-0.121,-0.18300000000000027,-0.18699999999999983,-0.17899999999999938,-0.14400000000000013,-0.09100000000000019,-0.15300000000000002,-0.15700000000000003,-0.14900000000000002,-0.11399999999999988,0.09899999999999998,0.037000000000000144,0.03299999999999992,0.040999999999999925,0.07600000000000007,-0.049999999999999996,-0.07999999999999999,-0.27000000000000024
148,31 days 00:00:00.000000000,-0.14300000000000024,-0.19299999999999962,-0.17700000000000005,-0.1930000000000005,-0.16800000000000015,-0.08300000000000018,-0.133,-0.11699999999999999,-0.133,-0.1080000000000001,0.16700000000000004,0.11699999999999999,0.133,0.11699999999999999,0.14200000000000002,0.019999999999999997,-0.04000000000000001,-0.29000000000000004
149,30 days 00:00:00.000000000,0.12199999999999989,0.19599999999999973,0.18399999999999972,0.2240000000000002,0.121,0.0820000000000003,0.1559999999999997,0.14400000000000013,0.18400000000000016,0.08099999999999996,0.01200000000000001,0.08599999999999985,0.07400000000000007,0.11399999999999988,0.010999999999999899,-0.03,0.010000000000000009,0.08000000000000007
150,31 days 00:00:00.000000000,-0.41900000000000004,-0.33299999999999974,-0.34799999999999986,-0.3929999999999998,-0.28900000000000015,-0.359,-0.2729999999999997,-0.28800000000000026,-0.33299999999999974,-0.22899999999999965,0.06099999999999994,0.14700000000000002,0.1319999999999999,0.08700000000000019,0.19100000000000006,0.07,0.010000000000000009,-0.4099999999999999
151,31 days 00:00:00.000000000,-0.09499999999999975,0.18699999999999983,0.18800000000000017,0.2530000000000001,-0.14399999999999968,-0.07500000000000018,0.20699999999999985,0.20800000000000018,0.27300000000000013,-0.12400000000000011,0.21500000000000008,0.4970000000000001,0.4980000000000002,0.5629999999999997,0.16599999999999993,-0.08,-0.1,-0.3900000000000001
152,30 days 00:00:00.000000000,-0.1339999999999999,0.1120000000000001,0.1759999999999997,0.16599999999999948,-0.04300000000000015,-0.16400000000000015,0.08199999999999985,0.1459999999999999,0.13600000000000012,-0.07299999999999995,-0.13400000000000012,0.1120000000000001,0.1759999999999997,0.16599999999999993,-0.04299999999999993,0.0,0.03,0.0
153,31 days 00:00:00.000000000,-0.008000000000000007,-0.24700000000000033,-0.20299999999999985,-0.21399999999999952,0.03500000000000014,-0.008000000000000007,-0.2469999999999999,-0.20299999999999985,-0.2140000000000004,0.0349999999999997,-0.04800000000000004,-0.28700000000000014,-0.24299999999999988,-0.254,-0.0050000000000001155,-0.01,-0.010000000000000009,0.030000000000000027
154,30 days 00:00:00.000000000,-0.06300000000000017,0.30200000000000005,0.29499999999999993,0.34699999999999953,0.028000000000000025,-0.06299999999999972,0.30200000000000005,0.29499999999999993,0.3470000000000004,0.028000000000000025,-0.03299999999999992,0.3320000000000001,0.3250000000000002,0.3770000000000002,0.05800000000000005,0.0,0.0,-0.030000000000000027
155,31 days 00:00:00.000000000,-0.20000000000000018,-0.31099999999999994,-0.21899999999999986,-0.22799999999999976,-0.17399999999999993,-0.18999999999999995,-0.30100000000000016,-0.20900000000000007,-0.21799999999999997,-0.1639999999999997,-0.06000000000000005,-0.17100000000000004,-0.07900000000000018,-0.08800000000000008,-0.03400000000000003,0.01,0.0,-0.13
156,31 days 00:00:00.000000000,-0.1619999999999997,-0.2639999999999998,-0.4540000000000002,-0.3500000000000001,-0.2260000000000002,-0.13200000000000012,-0.23399999999999999,-0.42399999999999993,-0.3200000000000003,-0.19600000000000017,-0.0020000000000000018,-0.10400000000000009,-0.29400000000000004,-0.18999999999999995,-0.06599999999999984,0.039999999999999994,0.010000000000000009,-0.12
157,29 days 00:00:00.000000000,0.04600000000000004,-0.052999999999999936,-0.11599999999999966,-0.18400000000000016,0.030999999999999917,0.016000000000000014,-0.08299999999999974,-0.1459999999999999,-0.21399999999999997,0.001000000000000112,-0.09399999999999986,-0.19300000000000006,-0.2559999999999998,-0.32399999999999984,-0.10899999999999999,0.020000000000000004,0.04999999999999999,0.16000000000000003
158,31 days 00:00:00.000000000,0.14900000000000002,0.125,0.09999999999999964,0.16800000000000015,0.13200000000000012,0.129,0.10499999999999998,0.08000000000000007,0.1479999999999997,0.11199999999999988,-0.03100000000000014,-0.05499999999999994,-0.08000000000000007,-0.01200000000000001,-0.04800000000000004,-0.009999999999999995,0.010000000000000009,0.17000000000000004
159,30 days 00:00:00.000000000,-0.20700000000000007,-0.28600000000000003,-0.13999999999999968,-0.16699999999999982,-0.18599999999999994,-0.18700000000000006,-0.266,-0.1200000000000001,-0.1469999999999998,-0.16599999999999993,0.04300000000000015,-0.03600000000000003,0.10999999999999988,0.08299999999999974,0.06400000000000006,0.03,0.010000000000000009,-0.22000000000000008
160,31 days 00:00:00.000000000,-0.037000000000000144,-0.18100000000000005,0.09799999999999986,0.016000000000000014,-0.06500000000000017,-0.04699999999999993,-0.19100000000000006,0.08800000000000008,0.005999999999999783,-0.07499999999999996,0.08299999999999996,-0.06099999999999994,0.21799999999999997,0.13600000000000012,0.05499999999999994,-0.03,-0.020000000000000018,-0.1499999999999999
161,30 days 00:00:00.000000000,0.008000000000000007,-0.06800000000000006,-0.11299999999999999,0.021999999999999797,-0.008999999999999897,-0.0020000000000000018,-0.07800000000000007,-0.12300000000000022,0.01200000000000001,-0.019000000000000128,-0.02200000000000002,-0.09800000000000009,-0.1429999999999998,-0.008000000000000007,-0.039000000000000146,0.01999999999999999,0.03,0.04999999999999993
162,31 days 00:00:00.000000000,-0.22699999999999987,-0.30600000000000005,-0.38500000000000023,-0.3660000000000001,-0.2789999999999999,-0.15700000000000003,-0.236,-0.31499999999999995,-0.2959999999999998,-0.20899999999999985,-0.08699999999999997,-0.16599999999999993,-0.2450000000000001,-0.22599999999999998,-0.1389999999999998,0.020000000000000004,-0.04999999999999999,-0.12
163,31 days 00:00:00.000000000,0.03299999999999992,0.038000000000000034,-0.029999999999999805,-0.022999999999999687,0.03699999999999992,0.0129999999999999,0.018000000000000016,-0.04999999999999982,-0.04300000000000015,0.016999999999999904,0.02299999999999991,0.028000000000000025,-0.040000000000000036,-0.03299999999999992,0.026999999999999913,-0.020000000000000004,0.0,-0.010000000000000009
164,30 days 00:00:00.000000000,0.04699999999999993,-0.04400000000000004,-0.1080000000000001,-0.14900000000000002,-0.14300000000000002,0.04700000000000015,-0.04400000000000004,-0.1080000000000001,-0.14900000000000002,-0.14300000000000002,0.026999999999999913,-0.06400000000000006,-0.1279999999999999,-0.16900000000000004,-0.16300000000000003,0.010000000000000009,0.010000000000000009,0.030000000000000027
165,31 days 00:00:00.000000000,-0.03200000000000003,-0.05800000000000005,-0.11899999999999977,-0.17300000000000004,0.07800000000000007,-0.03200000000000003,-0.05799999999999983,-0.11900000000000022,-0.17300000000000004,0.07800000000000007,-0.12199999999999989,-0.1479999999999999,-0.20900000000000007,-0.2629999999999999,-0.01200000000000001,0.009999999999999995,0.009999999999999981,0.09999999999999998
166,30 days 00:00:00.000000000,0.1030000000000002,0.05900000000000016,0.03200000000000003,0.052999999999999936,0.02299999999999991,0.07299999999999995,0.028999999999999915,0.002000000000000224,0.02300000000000013,-0.007000000000000117,0.18300000000000005,0.139,0.11199999999999988,0.133,0.10299999999999998,-0.03,0.0,-0.10999999999999999
167,31 days 00:00:00.000000000,0.10599999999999987,0.12199999999999989,0.06199999999999983,0.03299999999999992,0.08000000000000007,0.09600000000000009,0.1120000000000001,0.052000000000000046,0.02300000000000013,0.07000000000000006,-0.03400000000000003,-0.018000000000000016,-0.07799999999999985,-0.1070000000000002,-0.06000000000000005,-0.03,-0.01999999999999999,0.10999999999999999
168,31 days 00:00:00.000000000,0.1010000000000002,0.10000000000000009,0.09699999999999998,0.08899999999999997,0.14300000000000002,0.131,0.1299999999999999,0.12699999999999978,0.11899999999999977,0.17300000000000004,-0.039000000000000146,-0.040000000000000036,-0.04300000000000015,-0.051000000000000156,0.0030000000000001137,0.020000000000000004,-0.010000000000000009,0.16000000000000003
169,28 days 00:00:00.000000000,-0.1200000000000001,-0.121,-0.10999999999999988,-0.1259999999999999,-0.09800000000000009,-0.10000000000000009,-0.10099999999999998,-0.08999999999999986,-0.10599999999999987,-0.07800000000000007,0.030000000000000027,0.028999999999999915,0.040000000000000036,0.02400000000000002,0.052000000000000046,0.039999999999999994,0.020000000000000018,-0.10999999999999999
170,31 days 00:00:00.000000000,0.04800000000000004,0.04800000000000004,0.07899999999999974,0.04499999999999993,0.050999999999999934,0.04299999999999993,0.04299999999999993,0.07399999999999984,0.040000000000000036,0.04600000000000004,0.018000000000000016,0.018000000000000016,0.049000000000000155,0.015000000000000124,0.020999999999999908,-0.03499999999999999,-0.03,-0.0050000000000000044
171,30 days 00:00:00.000000000,-0.06900000000000017,-0.09800000000000009,-0.13599999999999968,-0.1509999999999998,-0.10899999999999999,-0.06399999999999983,-0.09299999999999997,-0.13099999999999978,-0.1459999999999999,-0.10399999999999987,-0.008999999999999897,-0.038000000000000034,-0.07600000000000007,-0.09100000000000019,-0.04899999999999993,-0.02500000000000001,-0.030000000000000013,-0.08499999999999996
172,31 days 00:00:00.000000000,0.405,0.29100000000000015,0.33499999999999996,0.30799999999999983,0.3619999999999999,0.36499999999999977,0.2510000000000001,0.29499999999999993,0.2679999999999998,0.32199999999999984,0.02499999999999991,-0.08899999999999997,-0.04499999999999993,-0.07199999999999962,-0.018000000000000016,-0.010000000000000002,0.030000000000000013,0.37
173,30 days 00:00:00.000000000,0.46399999999999997,0.3099999999999996,0.4119999999999999,0.5089999999999999,0.27700000000000014,0.4540000000000002,0.2999999999999998,0.40200000000000014,0.4990000000000001,0.2670000000000001,0.10400000000000009,-0.050000000000000044,0.051999999999999824,0.14900000000000002,-0.08300000000000007,0.0,0.009999999999999981,0.3599999999999999
174,31 days 00:00:00.000000000,-0.016999999999999904,-0.07599999999999962,-0.11500000000000021,-0.11499999999999977,-0.01100000000000012,0.02300000000000013,-0.03600000000000003,-0.07500000000000018,-0.07500000000000018,0.028999999999999915,0.0129999999999999,-0.04599999999999993,-0.08499999999999996,-0.08500000000000041,0.019000000000000017,0.0,-0.039999999999999994,-0.030000000000000027
175,31 days 00:00:00.000000000,0.19700000000000006,0.17799999999999994,0.15700000000000003,0.16900000000000004,0.14400000000000013,0.16699999999999982,0.14800000000000013,0.12700000000000022,0.13900000000000023,0.11399999999999988,-0.052999999999999936,-0.07199999999999995,-0.09299999999999997,-0.08099999999999996,-0.10599999999999998,-0.010000000000000002,0.020000000000000004,0.2400000000000002
176,30 days 00:00:00.000000000,-0.06700000000000017,-0.11699999999999999,-0.133,-0.05500000000000016,-0.129,-0.04700000000000015,-0.09699999999999998,-0.11299999999999999,-0.03500000000000014,-0.10899999999999999,0.15300000000000002,0.10299999999999998,0.08699999999999997,0.16500000000000004,0.09099999999999997,-0.009999999999999998,-0.03,-0.2300000000000002
177,31 days 00:00:00.000000000,-0.0389999999999997,-0.1379999999999999,-0.17399999999999993,-0.20800000000000018,-0.10400000000000009,-0.018999999999999684,-0.11799999999999988,-0.15400000000000036,-0.18799999999999972,-0.08400000000000007,0.06099999999999994,-0.038000000000000034,-0.07399999999999984,-0.10799999999999965,-0.0040000000000000036,0.02,0.0,-0.07999999999999985
178,30 days 00:00:00.000000000,0.018999999999999684,0.01499999999999968,-0.005999999999999783,0.0,0.051000000000000156,0.008999999999999897,0.004999999999999893,-0.016000000000000014,-0.010000000000000231,0.04100000000000037,-0.020999999999999908,-0.02499999999999991,-0.04600000000000004,-0.040000000000000036,0.01100000000000001,0.019999999999999997,0.03,0.06000000000000005
179,31 days 00:00:00.000000000,0.121,0.121,0.10899999999999999,0.0810000000000004,0.1469999999999998,0.13099999999999978,0.13099999999999978,0.11900000000000022,0.09100000000000019,0.15700000000000003,-0.2490000000000001,-0.249,-0.2610000000000001,-0.28900000000000015,-0.22299999999999998,0.010000000000000009,0.0,0.3799999999999999
180,31 days 00:00:00.000000000,-0.15799999999999992,-0.15399999999999991,-0.09600000000000009,-0.15300000000000002,-0.11799999999999988,-0.17799999999999994,-0.17399999999999993,-0.1160000000000001,-0.17300000000000004,-0.13800000000000034,0.052000000000000046,0.05599999999999994,0.1140000000000001,0.05699999999999994,0.09199999999999997,-0.05,-0.03,-0.26
181,28 days 00:00:00.000000000,-0.08599999999999985,-0.02400000000000002,-0.11100000000000021,-0.137,-0.06299999999999972,-0.07600000000000007,-0.01399999999999979,-0.10099999999999998,-0.12700000000000022,-0.052999999999999936,-0.07600000000000007,-0.014000000000000012,-0.10099999999999998,-0.127,-0.052999999999999936,0.030000000000000002,0.01999999999999999,0.020000000000000018
182,31 days 00:00:00.000000000,-0.050000000000000266,0.11799999999999988,0.13500000000000023,0.06499999999999995,0.10999999999999988,-0.06000000000000005,0.1080000000000001,0.125,0.05500000000000016,0.10000000000000009,-0.27,-0.10199999999999998,-0.08499999999999996,-0.15500000000000003,-0.10999999999999999,0.0,0.010000000000000009,0.21999999999999997
183,30 days 00:00:00.000000000,-0.05099999999999971,-0.0389999999999997,-0.05600000000000005,-0.1200000000000001,-0.06300000000000017,-0.05099999999999971,-0.039000000000000146,-0.05600000000000005,-0.1200000000000001,-0.06300000000000017,-0.030999999999999917,-0.019000000000000017,-0.03600000000000003,-0.09999999999999987,-0.04300000000000004,-0.020000000000000004,-0.020000000000000004,-0.040000000000000036
184,31 days 00:00:00.000000000,-0.15300000000000002,-0.1499999999999999,-0.1429999999999998,-0.16900000000000004,-0.14500000000000002,-0.133,-0.1299999999999999,-0.12299999999999978,-0.14900000000000002,-0.125,0.006999999999999895,0.010000000000000009,0.016999999999999904,-0.009000000000000119,0.015000000000000013,0.010000000000000002,-0.009999999999999995,-0.1499999999999999
185,30 days 00:00:00.000000000,0.05799999999999983,0.08099999999999996,0.06699999999999973,0.03600000000000003,0.04400000000000004,0.04800000000000004,0.07099999999999973,0.05699999999999994,0.026000000000000245,0.03400000000000025,-0.02199999999999991,0.0010000000000000009,-0.0129999999999999,-0.04400000000000004,-0.03600000000000003,0.0,0.009999999999999995,0.08000000000000007
186,31 days 00:00:00.000000000,0.04600000000000026,0.09899999999999975,0.0820000000000003,0.09200000000000008,0.121,0.0259999999999998,0.07900000000000018,0.06199999999999983,0.07200000000000006,0.10099999999999998,-0.10399999999999998,-0.050999999999999934,-0.06800000000000006,-0.05799999999999983,-0.029000000000000026,-0.010000000000000002,0.009999999999999995,0.1399999999999999
187,31 days 00:00:00.000000000,-0.13900000000000023,-0.11499999999999977,-0.12200000000000033,-0.1259999999999999,-0.11399999999999988,-0.10899999999999999,-0.08499999999999996,-0.09200000000000008,-0.09600000000000009,-0.08400000000000007,-0.009000000000000008,0.014999999999999902,0.008000000000000007,0.0040000000000000036,0.016000000000000014,0.0,-0.03,-0.13000000000000012
188,30 days 00:00:00.000000000,0.2789999999999999,0.18999999999999995,0.2400000000000002,0.2799999999999998,0.15300000000000002,0.2290000000000001,0.13999999999999968,0.18999999999999995,0.22999999999999998,0.1030000000000002,0.119,0.030000000000000027,0.08000000000000007,0.11999999999999988,-0.007000000000000006,-0.009999999999999998,0.04000000000000001,0.15000000000000013
189,31 days 00:00:00.000000000,-0.1120000000000001,-0.05900000000000016,-0.08800000000000008,-0.051000000000000156,-0.10999999999999988,-0.10199999999999987,-0.04899999999999993,-0.07799999999999985,-0.040999999999999925,-0.10000000000000009,0.03799999999999992,0.09099999999999997,0.06199999999999983,0.09899999999999998,0.040000000000000036,-0.01,-0.020000000000000004,-0.15999999999999992
190,30 days 00:00:00.000000000,-0.12799999999999967,-0.08400000000000007,-0.06899999999999995,-0.01200000000000001,-0.0820000000000003,-0.13800000000000034,-0.09399999999999986,-0.07899999999999974,-0.02200000000000024,-0.09200000000000008,0.01200000000000001,0.05600000000000005,0.07100000000000017,0.1280000000000001,0.05800000000000005,0.01,0.020000000000000004,-0.13000000000000012
191,31 days 00:00:00.000000000,0.0029999999999996696,0.13400000000000034,0.06800000000000006,0.13100000000000023,0.06300000000000017,-0.09699999999999998,0.03399999999999981,-0.03200000000000003,0.03100000000000014,-0.03699999999999992,-0.1369999999999999,-0.006000000000000005,-0.07200000000000006,-0.009000000000000119,-0.07700000000000007,0.02,0.12,0.15999999999999992
192,31 days 00:00:00.000000000,-0.34499999999999975,-0.39600000000000013,-0.3120000000000003,-0.29000000000000004,-0.30500000000000016,-0.29499999999999993,-0.34599999999999986,-0.262,-0.2400000000000002,-0.2550000000000001,0.10499999999999987,0.05400000000000005,0.1379999999999999,0.15999999999999992,0.14500000000000002,-0.02,-0.07,-0.47
193,28 days 00:00:00.000000000,0.3839999999999999,0.18999999999999972,0.14500000000000002,0.1259999999999999,0.20000000000000018,0.3440000000000003,0.15000000000000013,0.10499999999999998,0.0860000000000003,0.15999999999999992,0.06400000000000006,-0.13,-0.17500000000000004,-0.19399999999999995,-0.12,0.0,0.04000000000000001,0.32000000000000006
194,31 days 00:00:00.000000000,-0.10099999999999998,-0.02499999999999991,-0.03299999999999992,-0.03699999999999992,-0.07100000000000017,-0.13100000000000023,-0.05500000000000016,-0.06300000000000017,-0.06700000000000017,-0.10099999999999998,0.039000000000000146,0.11499999999999999,0.1070000000000002,0.1030000000000002,0.06899999999999995,0.009999999999999998,0.04000000000000001,-0.1299999999999999
195,30 days 00:00:00.000000000,0.13200000000000012,0.07000000000000028,0.08899999999999997,0.11299999999999999,0.08300000000000018,0.13200000000000012,0.07000000000000006,0.08899999999999997,0.11299999999999999,0.08299999999999996,0.051999999999999824,-0.010000000000000009,0.008999999999999897,0.03299999999999992,0.0030000000000000027,-0.019999999999999997,-0.020000000000000018,0.05999999999999983
196,31 days 00:00:00.000000000,0.1419999999999999,0.10199999999999987,0.07699999999999996,0.1120000000000001,0.06299999999999972,0.12199999999999989,0.08200000000000007,0.05699999999999994,0.09200000000000008,0.04300000000000015,0.08200000000000007,0.041999999999999926,0.016999999999999904,0.052000000000000046,0.0030000000000000027,0.0,0.020000000000000018,0.06000000000000005
197,30 days 00:00:00.000000000,0.2250000000000001,0.21899999999999986,0.2560000000000002,0.2909999999999999,0.20199999999999996,0.20500000000000007,0.19899999999999984,0.2360000000000002,0.2709999999999999,0.18200000000000016,0.08499999999999996,0.07900000000000007,0.1160000000000001,0.1509999999999998,0.062000000000000055,0.0,0.020000000000000018,0.1399999999999999
198,31 days 00:00:00.000000000,-0.16000000000000014,-0.06999999999999984,-0.1070000000000002,-0.04999999999999982,-0.11399999999999988,-0.14000000000000012,-0.04999999999999982,-0.08700000000000019,-0.029999999999999805,-0.0940000000000003,0.0,0.08999999999999997,0.052999999999999936,0.11000000000000032,0.04600000000000004,0.07,0.04999999999999999,-0.08999999999999986
199,31 days 00:00:00.000000000,0.07100000000000017,0.09499999999999975,0.0950000000000002,0.18299999999999983,0.06899999999999995,0.01100000000000012,0.03500000000000014,0.03500000000000014,0.12299999999999978,0.008999999999999897,0.07099999999999995,0.09500000000000008,0.09499999999999997,0.18299999999999983,0.06899999999999995,0.0,0.06,0.0
200,30 days 00:00:00.000000000,-0.03500000000000014,-0.03200000000000003,-0.02499999999999991,0.051000000000000156,-0.0259999999999998,-0.05500000000000016,-0.052000000000000046,-0.04499999999999993,0.03100000000000014,-0.04599999999999982,0.05500000000000016,0.05799999999999983,0.06500000000000017,0.14100000000000001,0.06399999999999995,-0.08,-0.06,-0.16999999999999993
201,31 days 00:00:00.000000000,-0.07900000000000018,-0.08699999999999974,-0.052000000000000046,-0.10000000000000009,-0.015000000000000124,-0.008999999999999897,-0.017000000000000348,0.017999999999999794,-0.03000000000000025,0.05500000000000016,-0.14900000000000002,-0.15699999999999992,-0.12200000000000011,-0.16999999999999993,-0.08499999999999996,0.08,0.010000000000000009,0.1499999999999999
202,30 days 00:00:00.000000000,-0.07899999999999974,-0.08000000000000007,-0.08099999999999996,-0.04400000000000004,-0.03200000000000003,-0.10899999999999999,-0.10999999999999988,-0.11099999999999977,-0.07399999999999984,-0.062000000000000055,-0.06899999999999995,-0.06999999999999995,-0.07099999999999995,-0.03400000000000025,-0.02200000000000002,0.14,0.16999999999999998,0.1299999999999999
203,31 days 00:00:00.000000000,0.1080000000000001,0.16000000000000014,0.19699999999999962,0.22299999999999986,0.16400000000000015,-0.09200000000000008,-0.040000000000000036,-0.0030000000000001137,0.02300000000000013,-0.03600000000000003,-0.062000000000000055,-0.010000000000000009,0.026999999999999913,0.052999999999999936,-0.006000000000000005,-0.06,0.14,0.1100000000000001
204,31 days 00:00:00.000000000,-0.3250000000000002,-0.29200000000000026,-0.2899999999999996,-0.133,-0.4159999999999999,0.02499999999999991,0.058000000000000274,0.06000000000000005,0.21700000000000008,-0.06600000000000006,0.2749999999999999,0.30800000000000005,0.31000000000000005,0.4670000000000001,0.18399999999999994,0.17,-0.18000000000000005,-0.42999999999999994
205,29 days 00:00:00.000000000,-0.13600000000000012,-0.021999999999999797,-0.03200000000000003,-0.07399999999999984,-0.08300000000000018,-0.28600000000000003,-0.17200000000000015,-0.18199999999999994,-0.2240000000000002,-0.2330000000000001,-0.026000000000000023,0.08799999999999986,0.07800000000000007,0.03600000000000003,0.027000000000000135,0.0,0.15000000000000002,-0.1100000000000001
206,31 days 00:00:00.000000000,0.020000000000000018,-0.1070000000000002,-0.1200000000000001,-0.3410000000000002,0.02400000000000002,-0.06999999999999984,-0.19700000000000006,-0.20999999999999996,-0.43100000000000005,-0.06599999999999984,-0.08999999999999986,-0.21699999999999986,-0.22999999999999998,-0.45100000000000007,-0.08600000000000008,-0.12000000000000002,-0.030000000000000027,-0.010000000000000009
207,30 days 00:00:00.000000000,0.052000000000000046,-0.06899999999999995,-0.0950000000000002,-0.22399999999999975,-0.02499999999999991,0.09200000000000008,-0.028999999999999915,-0.05500000000000016,-0.18400000000000016,0.014999999999999902,-0.008000000000000007,-0.12900000000000011,-0.15500000000000003,-0.2839999999999998,-0.08499999999999996,0.010000000000000009,-0.029999999999999916,0.07000000000000006
208,31 days 00:00:00.000000000,-0.08400000000000007,-0.04399999999999982,-0.04899999999999993,-0.06300000000000017,-0.06499999999999995,-0.08400000000000007,-0.04400000000000004,-0.04899999999999993,-0.06299999999999972,-0.06499999999999995,-0.05400000000000005,-0.014000000000000012,-0.019000000000000128,-0.03299999999999992,-0.03500000000000003,0.12000000000000002,0.12,0.09000000000000008
209,30 days 00:00:00.000000000,-0.125,-0.15700000000000003,-0.15200000000000014,-0.20199999999999996,-0.20900000000000007,0.025000000000000133,-0.006999999999999895,-0.002000000000000224,-0.052000000000000046,-0.05899999999999994,0.15500000000000003,0.12300000000000011,0.1280000000000001,0.07799999999999985,0.07100000000000006,-0.08000000000000002,-0.23000000000000004,-0.3600000000000001
210,31 days 00:00:00.000000000,-0.07999999999999963,-0.07000000000000006,-0.125,-0.18000000000000016,-0.06899999999999995,-0.1100000000000001,-0.10000000000000009,-0.1549999999999998,-0.20999999999999996,-0.09899999999999998,-0.08000000000000007,-0.07000000000000006,-0.125,-0.18000000000000016,-0.06900000000000006,0.020000000000000018,0.04999999999999999,0.020000000000000018
211,31 days 00:00:00.000000000,0.04899999999999993,0.06400000000000006,0.0,-0.04699999999999971,0.03200000000000003,-0.01100000000000012,0.0040000000000000036,-0.06000000000000005,-0.1070000000000002,-0.028000000000000025,-0.06099999999999994,-0.04600000000000004,-0.1100000000000001,-0.15700000000000003,-0.07799999999999996,0.04999999999999999,0.10999999999999999,0.15999999999999992
212,30 days 00:00:00.000000000,0.10899999999999999,0.08899999999999997,0.11000000000000032,0.06499999999999995,0.05599999999999983,0.08900000000000019,0.06899999999999995,0.09000000000000008,0.04499999999999993,0.03600000000000003,0.119,0.09899999999999998,0.1200000000000001,0.07500000000000018,0.06599999999999995,-0.040000000000000036,-0.020000000000000018,-0.050000000000000044
213,31 days 00:00:00.000000000,0.11999999999999966,0.08200000000000007,0.08199999999999985,0.04499999999999993,0.1060000000000001,0.09999999999999987,0.062000000000000055,0.062000000000000055,0.025000000000000355,0.08599999999999985,0.0,-0.038000000000000034,-0.038000000000000034,-0.07500000000000018,-0.013999999999999901,0.050000000000000044,0.07000000000000006,0.17000000000000015
214,30 days 00:00:00.000000000,0.2650000000000001,0.2569999999999999,0.28500000000000014,0.2869999999999999,0.31099999999999994,0.2650000000000001,0.2569999999999999,0.2849999999999997,0.2869999999999999,0.31099999999999994,-0.11499999999999999,-0.12299999999999989,-0.09499999999999997,-0.09299999999999975,-0.06900000000000006,0.13999999999999996,0.14,0.52
215,31 days 00:00:00.000000000,-0.03600000000000003,-0.01399999999999979,-0.013000000000000345,-0.054999999999999716,0.008999999999999897,-0.05600000000000005,-0.03400000000000003,-0.03299999999999992,-0.07500000000000018,-0.010999999999999899,-0.1060000000000001,-0.08399999999999996,-0.08299999999999996,-0.125,-0.06099999999999994,0.030000000000000027,0.04999999999999993,0.09999999999999987
216,31 days 00:00:00.000000000,0.09100000000000019,-0.01200000000000001,-0.009999999999999787,-0.050000000000000266,-0.0040000000000000036,0.11099999999999977,0.008000000000000007,0.010000000000000231,-0.029999999999999805,0.016000000000000014,0.131,0.027999999999999914,0.030000000000000027,-0.010000000000000009,0.03599999999999992,0.010000000000000009,-0.010000000000000009,-0.030000000000000027
217,28 days 00:00:00.000000000,-0.14300000000000024,-0.09100000000000019,-0.09799999999999986,-0.10400000000000009,-0.05600000000000005,-0.1729999999999996,-0.121,-0.1280000000000001,-0.1339999999999999,-0.08600000000000008,-0.123,-0.07099999999999995,-0.07800000000000007,-0.08400000000000007,-0.03599999999999992,0.010000000000000009,0.040000000000000036,-0.010000000000000009
218,31 days 00:00:00.000000000,-0.18999999999999995,-0.18500000000000005,-0.17100000000000026,-0.1629999999999998,-0.18999999999999972,-0.11000000000000032,-0.10499999999999998,-0.09100000000000019,-0.08300000000000018,-0.10999999999999988,0.0,0.0050000000000000044,0.018999999999999906,0.027000000000000135,0.0,0.22999999999999998,0.15000000000000002,0.040000000000000036
219,30 days 00:00:00.000000000,-0.1299999999999999,-0.123,-0.12299999999999978,-0.1379999999999999,-0.1200000000000001,-0.1299999999999999,-0.123,-0.12299999999999978,-0.1379999999999999,-0.1200000000000001,0.030000000000000027,0.03700000000000003,0.037000000000000144,0.02200000000000002,0.039999999999999925,0.040000000000000036,0.040000000000000036,-0.11999999999999988
220,31 days 00:00:00.000000000,-0.27,-0.20499999999999985,-0.278,-0.2789999999999999,-0.24499999999999988,-0.18999999999999995,-0.125,-0.19800000000000018,-0.1990000000000003,-0.16500000000000004,-0.030000000000000027,0.03499999999999992,-0.038000000000000034,-0.039000000000000146,-0.0050000000000000044,0.17999999999999994,0.09999999999999987,-0.06000000000000005
221,30 days 00:00:00.000000000,-0.040999999999999925,0.008000000000000007,-0.006000000000000005,-0.01200000000000001,0.040999999999999925,-0.06099999999999994,-0.01200000000000001,-0.0259999999999998,-0.03200000000000003,0.02100000000000013,-0.131,-0.08199999999999996,-0.09600000000000009,-0.10199999999999987,-0.04899999999999993,0.050000000000000044,0.07000000000000006,0.1399999999999999
222,31 days 00:00:00.000000000,-0.07200000000000006,-0.10900000000000021,-0.1160000000000001,-0.1200000000000001,-0.08499999999999996,-0.02200000000000002,-0.05899999999999994,-0.06600000000000006,-0.06999999999999984,-0.03500000000000014,0.018000000000000016,-0.019000000000000017,-0.026000000000000023,-0.030000000000000027,0.0050000000000000044,0.040000000000000036,-0.010000000000000009,-0.04999999999999982
223,31 days 00:00:00.000000000,-0.02299999999999991,-0.009999999999999787,-0.0040000000000000036,0.020999999999999908,-0.03300000000000014,-0.08299999999999996,-0.07000000000000006,-0.06400000000000006,-0.039000000000000146,-0.09299999999999997,0.05699999999999994,0.07000000000000006,0.07600000000000007,0.10099999999999998,0.04699999999999993,-0.06000000000000005,0.0,-0.14000000000000012
224,30 days 00:00:00.000000000,0.014999999999999902,0.05999999999999983,0.04700000000000015,0.0259999999999998,0.08400000000000007,-0.015000000000000124,0.030000000000000027,0.017000000000000126,-0.0040000000000000036,0.05400000000000005,-0.15499999999999992,-0.1100000000000001,-0.123,-0.14400000000000013,-0.08599999999999997,0.050000000000000044,0.08000000000000007,0.21999999999999997
225,31 days 00:00:00.000000000,-0.06299999999999994,-0.07499999999999996,-0.08200000000000007,-0.10299999999999976,-0.040000000000000036,-0.09299999999999997,-0.10499999999999998,-0.1120000000000001,-0.133,-0.07000000000000006,-0.06299999999999994,-0.07499999999999996,-0.08199999999999996,-0.10299999999999998,-0.040000000000000036,0.08999999999999986,0.11999999999999988,0.08999999999999986
226,30 days 00:00:00.000000000,-0.040000000000000036,-0.040000000000000036,-0.0040000000000000036,0.02499999999999991,-0.008999999999999897,-0.1100000000000001,-0.10999999999999988,-0.07400000000000007,-0.04499999999999971,-0.07899999999999996,-0.050000000000000044,-0.050000000000000044,-0.014000000000000012,0.015000000000000124,-0.019000000000000017,0.1200000000000001,0.19000000000000017,0.13000000000000034
227,31 days 00:00:00.000000000,-0.15700000000000003,-0.11699999999999999,-0.14200000000000013,-0.15700000000000003,-0.11699999999999999,-0.17699999999999982,-0.13700000000000012,-0.16199999999999992,-0.17700000000000005,-0.137,-0.09699999999999998,-0.05699999999999994,-0.08200000000000007,-0.09699999999999998,-0.05699999999999994,0.11999999999999988,0.1399999999999999,0.06000000000000005
228,31 days 00:00:00.000000000,0.15300000000000002,0.16900000000000004,0.16200000000000014,0.0940000000000003,0.18599999999999994,0.08299999999999996,0.09900000000000009,0.09200000000000008,0.02400000000000002,0.1160000000000001,-0.09699999999999998,-0.08100000000000002,-0.08799999999999997,-0.15600000000000014,-0.064,0.07000000000000006,0.1399999999999999,0.31999999999999984
229,28 days 00:00:00.000000000,0.018999999999999906,0.04800000000000004,0.07000000000000006,0.07199999999999962,-0.010000000000000009,0.038999999999999924,0.06800000000000006,0.08999999999999986,0.09199999999999986,0.010000000000000009,0.07899999999999996,0.10800000000000004,0.13,0.13200000000000012,0.04999999999999999,0.18999999999999995,0.16999999999999993,0.1299999999999999
230,31 days 00:00:00.000000000,-0.123,-0.05800000000000005,-0.05400000000000005,-0.03799999999999981,-0.1319999999999999,-0.038000000000000034,0.026999999999999913,0.03100000000000014,0.04700000000000015,-0.04700000000000015,0.07199999999999995,0.137,0.1409999999999999,0.15700000000000003,0.06299999999999994,0.10000000000000009,0.015000000000000124,-0.0950000000000002
231,30 days 00:00:00.000000000,0.03400000000000003,0.02200000000000002,0.03400000000000003,0.04400000000000004,0.04799999999999982,-0.0009999999999998899,-0.013000000000000123,-0.001000000000000112,0.008999999999999897,0.013000000000000123,-0.08099999999999996,-0.09300000000000008,-0.08099999999999985,-0.07100000000000017,-0.06699999999999995,0.1200000000000001,0.15500000000000025,0.23500000000000032
232,31 days 00:00:00.000000000,-0.15799999999999992,-0.1200000000000001,-0.1060000000000001,-0.07299999999999995,-0.1299999999999999,-0.08800000000000008,-0.04999999999999982,-0.03600000000000003,-0.0029999999999998916,-0.06000000000000005,0.01200000000000001,0.050000000000000044,0.06399999999999995,0.09699999999999998,0.040000000000000036,0.05999999999999983,-0.010000000000000231,-0.10999999999999988
233,30 days 00:00:00.000000000,0.07699999999999996,0.1200000000000001,0.125,0.1459999999999999,0.07600000000000007,-0.02299999999999991,0.020000000000000018,0.025000000000000133,0.04600000000000004,-0.02400000000000002,0.027000000000000024,0.06999999999999995,0.07499999999999996,0.09600000000000009,0.026000000000000023,0.0,0.10000000000000009,0.04999999999999982
234,31 days 00:00:00.000000000,-0.10899999999999999,-0.09699999999999998,-0.1100000000000001,-0.1509999999999998,-0.03600000000000003,-0.119,-0.1070000000000001,-0.1200000000000001,-0.16100000000000003,-0.04599999999999993,-0.129,-0.11699999999999999,-0.13,-0.17100000000000004,-0.05600000000000005,0.09999999999999987,0.10999999999999988,0.1200000000000001
235,31 days 00:00:00.000000000,-0.07899999999999996,-0.139,-0.1379999999999999,-0.11500000000000021,-0.14100000000000001,-0.019000000000000128,-0.07899999999999996,-0.07800000000000007,-0.05500000000000016,-0.08100000000000007,0.11099999999999999,0.051000000000000045,0.052000000000000046,0.07499999999999996,0.049000000000000044,0.08000000000000007,0.020000000000000018,-0.10999999999999988
236,30 days 00:00:00.000000000,0.040000000000000036,0.062000000000000055,0.04699999999999993,0.02300000000000013,0.08199999999999985,-0.010000000000000009,0.01200000000000001,-0.0029999999999998916,-0.026999999999999913,0.03200000000000003,-0.08000000000000007,-0.05800000000000005,-0.07299999999999995,-0.09699999999999998,-0.038000000000000034,0.08000000000000007,0.1299999999999999,0.19999999999999973
237,31 days 00:00:00.000000000,0.04800000000000004,0.020000000000000018,0.04700000000000015,0.08199999999999985,-0.014000000000000012,0.09800000000000009,0.06999999999999995,0.09699999999999998,0.1319999999999999,0.03600000000000003,0.15800000000000003,0.13,0.15699999999999992,0.19200000000000017,0.09599999999999997,0.1499999999999999,0.10000000000000009,0.040000000000000036
238,30 days 00:00:00.000000000,-0.08500000000000019,-0.01200000000000001,0.0040000000000000036,0.11399999999999988,-0.07799999999999985,-0.06499999999999995,0.008000000000000007,0.02400000000000002,0.1339999999999999,-0.05800000000000005,0.08499999999999996,0.15800000000000003,0.17399999999999993,0.2839999999999998,0.09199999999999997,0.03000000000000025,0.010000000000000231,-0.14000000000000012
239,31 days 00:00:00.000000000,-0.31799999999999984,-0.3210000000000002,-0.30600000000000005,-0.20100000000000007,-0.3450000000000001,-0.16800000000000004,-0.17100000000000004,-0.15599999999999992,-0.05099999999999971,-0.19499999999999995,0.09200000000000008,0.08899999999999997,0.10400000000000009,0.2090000000000003,0.06500000000000006,0.08000000000000007,-0.07000000000000028,-0.33000000000000007
240,31 days 00:00:00.000000000,-0.16900000000000004,-0.20999999999999985,-0.2390000000000001,-0.2849999999999997,-0.08599999999999997,-0.129,-0.16999999999999993,-0.19900000000000007,-0.2450000000000001,-0.04600000000000004,-0.129,-0.16999999999999993,-0.19900000000000007,-0.2450000000000001,-0.04600000000000004,-0.040000000000000036,-0.08000000000000007,-0.07999999999999963
241,28 days 00:00:00.000000000,0.07199999999999995,-0.0020000000000000018,-0.02200000000000002,-0.040000000000000036,0.01200000000000001,0.122,0.04799999999999993,0.028000000000000025,0.010000000000000009,0.062000000000000055,0.02200000000000002,-0.052000000000000046,-0.07199999999999984,-0.09000000000000008,-0.03799999999999992,0.040000000000000036,-0.009999999999999787,0.08999999999999986
242,31 days 00:00:00.000000000,-0.20899999999999996,-0.19100000000000006,-0.21399999999999997,-0.2530000000000001,-0.22199999999999998,-0.119,-0.10099999999999998,-0.12400000000000011,-0.16300000000000003,-0.132,0.030999999999999917,0.049000000000000044,0.026000000000000023,-0.0129999999999999,0.017999999999999905,-0.050000000000000266,-0.14000000000000012,-0.29000000000000004
243,30 days 00:00:00.000000000,0.018000000000000016,-0.009000000000000008,-0.040999999999999925,-0.09699999999999998,0.0050000000000000044,0.05799999999999994,0.031000000000000028,-0.0010000000000000009,-0.05699999999999994,0.04499999999999993,-0.0020000000000000018,-0.029000000000000026,-0.061000000000000165,-0.11700000000000021,-0.015000000000000013,0.03000000000000025,-0.009999999999999787,0.04999999999999982
244,31 days 00:00:00.000000000,-0.137,-0.124,-0.10099999999999998,-0.04499999999999993,-0.203,-0.03699999999999992,-0.02400000000000002,-0.0010000000000000009,0.05499999999999994,-0.10299999999999998,0.133,0.14600000000000002,0.16900000000000004,0.2250000000000001,0.06700000000000006,-0.08000000000000007,-0.18000000000000016,-0.34999999999999987
245,30 days 00:00:00.000000000,-0.01200000000000001,-0.010999999999999954,-0.03600000000000003,-0.07200000000000006,0.03699999999999998,0.04799999999999993,0.049000000000000044,0.02400000000000002,-0.01200000000000001,0.09699999999999998,-0.07200000000000006,-0.07100000000000006,-0.09599999999999986,-0.1319999999999999,-0.02300000000000002,-0.22999999999999998,-0.29000000000000004,-0.16999999999999993
246,31 days 00:00:00.000000000,0.061999999999999944,0.06,0.05399999999999994,0.02400000000000002,0.068,-0.05799999999999994,-0.06000000000000005,-0.06599999999999995,-0.09599999999999986,-0.051999999999999935,-0.05799999999999994,-0.05999999999999994,-0.06600000000000006,-0.09600000000000009,-0.051999999999999935,-0.040000000000000036,0.08000000000000007,0.08000000000000007
